screen_id,approved_zone,current_route,current_component,current_file,approved_measurement,current_implementation,visual_delta,functional_dependency,token_dependency,asset_dependency,reuse_decision_candidate,change_risk,pm_decision,expected_test,expected_screenshot,gap_classification
A1,ProfileSelectorCard(3 PlayerCard),/,pages/Auth/components/PlayerSelectView.tsx,frontend/src/pages/Auth/components/PlayerSelectView.tsx,"78px 아바타, 999px pill 레벨배지, 44px chevron 버튼(단 38px 관측)","NOT_VERIFIED(상세 미열람, 파일 존재만 확인)",NOT_VERIFIED,GET /api/players,"브랜드 accent, ink, muted 텍스트","아바타 이니셜(사진 없음, 승인자료와 동일 패턴 추정)",PlayerCard(이미 자체 컴포넌트로 존재: Auth/components/PlayerCard.tsx),MEDIUM,시각 재구성 범위,specs/01-login.spec.ts 확장,A1 desktop/mobile,"PARTIAL(구조적으로 대응 컴포넌트 존재, 시각 1:1 일치 여부 NOT_VERIFIED)"
A1,AdminEntryRow(관리자 로그인 링크),/,pages/Auth/index.tsx(Mode='admin' 전환),"frontend/src/pages/Auth/index.tsx, components/AdminLoginView.tsx","하단 고정 행, gear 아이콘+관리자로그인 텍스트",별도 전체화면 모드 전환(AdminLoginView)으로 구현 — 승인자료는 같은 화면 하단 링크 형태,"MATERIAL_VISUAL_DELTA(추정, 화면전환 방식 자체가 다름)",POST /api/auth/admin/login,N/A,N/A,N/A,"LOW(기능은 이미 존재, 진입 UX만 상이)",진입 UX를 승인자료의 인라인 링크 형태로 맞출지,N/A,A1 admin-entry,PARTIAL
A1,A1-S1(순수 ID/PW 로그인 폼),N/A(대응 라우트 없음),없음,N/A,"LoginFormPanel, TextField x2, PrimaryButton 등(HTML_STRUCTURE_EXTRACTION 참조)","없음 — 현재는 select→pin 또는 admin ID/PW 뿐, '일반 계정' ID/PW 로그인 없음",NOT_COMPARABLE(구현 자체 없음),APPROVED_SOURCE_GAP 아님(현재 제품이 이 로그인 방식을 아예 채택하지 않았을 가능성) — PM 확인 필요,N/A,N/A,N/A,"UNKNOWN(신규 기능이 될 수도, 폐기된 설계일 수도 있음)","A1-S1을 실제로 구현할지, 승인자료의 참고용 대안일 뿐인지",N/A,N/A,MISSING
A2,전체(GreetingHeader+PromoCard+ActivityCard+ServiceGrid+Dock),/family,platform/pages/FamilyLanding.tsx,frontend/src/platform/pages/FamilyLanding.tsx(15줄 전체 열람),MEASUREMENT_TABLE_V2 category A/B/C/D 다수,"가족명+관계 텍스트만 표시하는 스텁(15줄), 위 5개 zone 중 어느 것도 미구현",MATERIAL_VISUAL_DELTA(사실상 100% 미구현),useFamilyContextStore(활성 가족만),전체(A2 관련 모든 색/spacing/typography 후보),"Hero illustration(SOURCE_MISSING), 서비스타일 아이콘(SOURCE_MISSING)",N/A(아직 컴포넌트 없음),HIGH(신규 구현 규모가 큼),"A2를 /family에 구현할지, 별도 라우트를 신설할지, MongleAppShell의 기존 Dock/Header와 어떻게 통합할지",specs-mongle 신규 스펙 필요,A2 mobile,MISSING
A2,BottomDock(4탭: 홈/포인트잔치/대화/나),전역(MongleAppShell),platform/shell/MongleAppShell.tsx(mobileNav),frontend/src/platform/shell/MongleAppShell.tsx:131-154,"grid(4,1fr), 아이콘+라벨, active=보라 필채움+bold","현재는 3항목(마크포인트/와글와글/가족)만, 아이콘 없이 라벨텍스트만(코드 주석: ASSET_GAP_BOTTOM_DOCK_ICONS로 아이콘 의도적 보류)",MATERIAL_VISUAL_DELTA(코드 자체가 자인함),"hasFamily/hasPermission 필터(승인자료는 필터 개념 없음, 고정 4탭)",브랜드 accent(active pill),"9종 승인 아이콘 asset 없음(SOURCE_MISSING, 코드 주석과 일치)",N/A,MEDIUM,PM_DECISION_REQUIRED_BOTTOM_DOCK_ROUTE(코드 주석에 이미 명시된 미해결 항목) — '홈'/'나' 대응 route 신설 여부,specs-mongle/01-shell.spec.ts 확장,Dock mobile,PARTIAL
A3,ProfileSummaryCard+MissionListCard,/dashboard,"pages/UserDashboard/index.tsx + components/ProfileCard.tsx, MissionList.tsx","frontend/src/pages/UserDashboard/components/{ProfileCard,MissionList}.tsx","MEASUREMENT_TABLE_V2 A3 rows(그라디언트 카드, 64% 진행바, 3분할 통계 등)","NOT_VERIFIED(상세 미열람, 레거시 CSS Module 존재 확인만)",NOT_VERIFIED,dashboardApi(MissionResponse/DailyPointResponse — 실 API),"레거시 global.css 최초 토큰(§1-15) 사용 추정, 승인 토큰과 미대조","미션 아이콘(승인=flat icon, 현재 구현은 NOT_VERIFIED)","MissionList/ProfileCard(레거시 컴포넌트, 재구성 시 승격 여부는 2번째 consumer 필요)","MEDIUM(기능 보존 필수, 시각만 재구성 대상)",레거시 UserDashboard 전체를 승인 A3 시각으로 재구성할 범위와 순서,specs/02-mission.spec.ts,A3 mobile,"PARTIAL(기능 MATCH 추정, 시각 대조는 NOT_VERIFIED)"
A4,MessageTimeline+Composer(단일 GROUP 룸),/wagle,platform/pages/DoranLanding.tsx > Conversation,frontend/src/platform/pages/DoranLanding.tsx,MEASUREMENT_TABLE_V2 F 카테고리 전체,"구조적으로 대응하는 컴포넌트 세트 이미 존재(MessageBubble/DateDivider/UnreadDivider/ChatComposer), 단 fixture 데이터","MINOR_RENDERING_NOISE로 추정(TIER1 A4 판정 참조, 구조 이미 근접)",**FIXTURE_ONLY** — 실제 /api/families/{family_id}/doran 연동 없음,--color-chat-own/--color-chat-other(이미 EXACT_MATCH),"사진 첨부 placeholder(승인=텍스처, 현재=NOT_VERIFIED)","10개 doran/components(단일 consumer, COMPONENT_REUSE_MATRIX 참조)",HIGH(fixture→실제 API 전환이 최대 리스크 항목),실제 백엔드 연동 시점(Doran API 계약은 절대 변경 금지 대상 — /api/families/{family_id}/doran),"specs-mongle 확장 필요(현재는 UI 렌더링만 검증, 실 전송 없음)",A4 mobile,"PARTIAL(시각 구조 근접, 기능은 FUNCTION_BLOCKER 수준 — 실동작 없음)"
A4,Room List(승인자료엔 없음),/wagle(room 미선택 상태),platform/pages/DoranLanding.tsx(aside.roomList),frontend/src/platform/pages/DoranLanding.tsx:227-253,SOURCE_MISSING(승인자료에 이 화면 자체가 없음),GROUP/DIRECT/SERVICE 3종 kind의 RoomItem 리스트 이미 구현(fixture),NOT_COMPARABLE(승인 대상 없음),FIXTURE_ONLY,NOT_VERIFIED,NOT_VERIFIED,RoomItem(단일 consumer),MEDIUM,"현재 구현이 승인자료보다 앞서 나간 Room List/DIRECT/SERVICE 범위를 그대로 승인할지, 승인자료 범위(GROUP 단일룸)로 축소할지",specs-mongle 확장,N/A(승인 없음),EXTRA_CURRENT_UI
A5,AdminSidebar+StatCardRow+DeductionDataTable,/admin/*,pages/AdminDashboard/views/PointView/PointView.tsx,frontend/src/pages/AdminDashboard/views/PointView/PointView.tsx,"MEASUREMENT_TABLE_V2 G 카테고리 전체(300px sidebar, 6열 테이블 등)",usePointView 훅 + PlayerPointSummary/DeductionList/Add·EditDeductionModal 컴포넌트로 이미 구현 확인(다이얼로그는 승인자료보다 앞서 있음 — SOURCE_MISSING이었던 다이얼로그가 현재 구현엔 존재),"NOT_VERIFIED(시각 상세 미대조, TIER1은 HTML vs PNG만 비교했고 현재 코드의 실제 렌더 결과는 미캡처)",adminApi(실 API),--admin-sidebar-bg:#1e1b4b(다크) vs 승인 #FBFAFE(라이트) — TOKEN_CONFLICT 확인됨,N/A,"AdminDashboard/components/{Sidebar,StatCard}(문서 근거, 이번 세션 미재확인)",HIGH(다크→라이트 사이드바 전면 재구성 필요 가능성),"레거시 다크 admin sidebar를 승인 라이트 톤으로 전환할지, 관리자 화면은 별도 브랜드 톤을 유지할지(제품 결정)",specs/03-admin.spec.ts,A5 desktop,"PARTIAL(기능 우위, 시각 TOKEN_CONFLICT)"
