category,raw_value,occurrence_count
color,#17103A,188
color,#5A35DF,117
color,#FFF,107
color,#8A83A8,82
color,#4A3F72,70
color,#A8A5B6,50
color,#6B6880,21
color,#EEE8FF,19
color,#EF4665,19
color,#EAE7F5,15
color,#FDFDFF,14
color,#C7C3D6,13
color,#F7F6FC,12
color,#FBFAFE,12
color,#F0EEF7,11
color,#2F8C5C,8
color,#DDE7F2,8
color,#CBD8E8,8
color,#D9D2F3,7
color,#EFECF8,7
color,#DCEBFB,7
color,#3C7BC4,7
color,#DCF4E8,7
color,#22C55E,6
color,#E3DBFB,6
color,#EDEBF5,6
color,#5B6B80,6
color,#C4B4F2,6
color,#7C5AEF,5
color,#F4F2FD,5
color,#6B46F2,5
color,#FBE3EC,5
color,#D9527A,5
color,#E4F5EA,5
color,#F3F0FF,5
color,#F1EDFC,5
color,#E3DEF5,5
color,#F8DDE3,5
color,#EF8CA5,5
color,#FBE0E6,4
color,#F7CD5C,4
color,#E7DFFB,4
color,#1F9D62,4
color,#FDEFCF,4
color,#7B4BEE,3
color,#EDE7FB,3
color,#DCD0F8,3
color,#D6C9F6,3
color,#2FBE78,3
color,#B4791A,3
color,#5A4A82,3
color,#7ED9AE,3
color,#C6A9F5,2
color,#B58EF0,2
color,#A579EC,2
color,#C9B4F7,2
color,#FFC93C,2
color,#F1983A,2
color,#F4F1FE,2
color,#E6E2F4,2
color,#B49CF0,2
color,#EDE8FA,2
color,#EFEAFC,2
color,#E4F0E8,2
color,#D2E6D9,2
color,#F4E9EE,2
color,#E8D6DE,2
color,#9B7BF5,1
color,#C9C6D4,1
color,#E3E1EA,1
color,#F1F0F5,1
color,#DAD3EE,1
color,#B9AEDD,1
color,#D9CBF8,1
color,#C3AAF3,1
color,#B79AF0,1
color,#3A3060,1
color,#FFE9A8,1
color,#8B63F3,1
color,#FF9DBB,1
color,#F8F7FD,1
color,#6944EF,1
color,#E0D6FA,1
color,#DFD5F8,1
color,#E7E5EE,1
color,#F4F1FD,1
color,#C3AEF3,1
color,#E7E2F4,1
color,#D6CEEC,1
color,#6A5F8C,1
color,#4F6A58,1
color,#7A5B67,1
color,#F3B9C5,1
