SOURCE_ORDER,CANONICAL_ID,SCREEN_LABEL,OWNER_AGGREGATE,EXISTING_PRODUCT_VIEW,EXISTING_FUNCTIONAL_LOGIC,CANONICAL_SOURCE,MAPPING_STATUS,INTEGRATION_STRATEGY,INTEGRATION_TYPE,PARENT_CANONICAL_ID,PARENT_PRODUCT_SURFACE,PRODUCT_ROUTE,PRODUCT_TRIGGER,PRODUCT_CONTAINER,PRODUCT_SHELL,CANONICAL_SINGLE_SOURCE_STATUS,EXISTING_BEHAVIOR_PRESERVATION,DATA_WIRING_STATUS,MUTATION_WIRING_STATUS,PRODUCT_ENTRY_TEST_STATUS,RESPONSIVE_SHELL_STATUS,DETACHED_PREVIEW_STATUS,FINAL_PRODUCT_STRUCTURE_STATUS,NOTES
1,1a,로그인,AUTH_FLOW,frontend/src/pages/Auth/components/PlayerSelectView.tsx,"real player list, real click-to-select, real API-backed",ProfileSelectorPreview,CANONICAL_MAPPING_COMPLETE,KEEP_EXISTING_AS_CANONICAL,AUTH_FLOW_STEP,,,/,AuthPage mode='select' (default) - LIVE,frontend/src/pages/Auth/index.tsx,"none (pre-shell, public)",NOT_UNIFIED_BY_DESIGN (real Auth component is the product-facing implementation; canonical Screen remains the frozen W7.3 visual reference for the detached preview only),EXISTING_DATA_BEHAVIOR_PRESERVED (untouched),ALREADY_WIRED (real),ALREADY_WIRED (real),PARENT_TRIGGER_ENTRY_VERIFIED,VERIFIED_3_VIEWPORTS_390x844_820x1180_1180x820,REGRESSION_PASS,PRODUCT_STRUCTURE_INTEGRATED,"KEEP_EXISTING_AS_CANONICAL: PlayerSelectView is the real, functional entry step. The prior ""1a vs 1a-1 relationship needs PM confirmation"" flag (Ownership Matrix PM_DECISION_REQUIRED=YES) is a product-ownership question about which of two existing implementations is canonical for 1a - not a structural-integration blocker. Both already have real product homes (1a=/  select-mode, 1a-1=/login); this pass did not force a merger or pick a winner."
2,1a-1,로그인 폼,AUTH_FLOW,frontend/src/pages/A1AccountLogin/index.tsx,"NONE (UI-only reconstruction, no API/session wiring - by prior explicit decision, not touched this task)",A1AccountLoginPage,CANONICAL_MAPPING_COMPLETE,KEEP_EXISTING_AS_CANONICAL,ALREADY_PRODUCT_BOUND,,,/login,"/login route - LIVE (route exists, unauthenticated)",frontend/src/pages/A1AccountLogin/index.tsx,"none (pre-shell, public)",NOT_UNIFIED_BY_DESIGN (real Auth component is the product-facing implementation; canonical Screen remains the frozen W7.3 visual reference for the detached preview only),EXISTING_DATA_BEHAVIOR_PRESERVED (untouched),"DATA_AND_BEHAVIOR_WIRING_PENDING (by prior explicit ""1a-1 special rule"" - never touched)",MUTATION_WIRING_PENDING,DIRECT_PRODUCT_ENTRY_VERIFIED,VERIFIED_3_VIEWPORTS_390x844_820x1180_1180x820,REGRESSION_PASS,PRODUCT_STRUCTURE_INTEGRATED,"Already has a dedicated real product route (/login) since before this task; left untouched per the established ""1a-1 special rule"". Structure is bound (real route, real component); data/session wiring is explicitly deferred, not silently claimed complete."
3,1b,홈,FAMILY_CONTEXT,frontend/src/platform/pages/FamilyLanding.tsx,"subscription gating, multi-family switcher, permissions display (real API via useFamilyContextStore)",FamilyHomePreview,CANONICAL_MAPPING_COMPLETE,KEEP_EXISTING_AS_CANONICAL,ALREADY_PRODUCT_BOUND,,,/family,MongleAppShell nav (가족) — LIVE,frontend/src/platform/pages/FamilyLanding.tsx,MongleAppShell,NOT_UNIFIED_BY_DESIGN (existing view is the product-facing implementation; canonical Screen remains the frozen W7.3 visual reference for the detached preview only),EXISTING_DATA_BEHAVIOR_PRESERVED,ALREADY_WIRED (real),ALREADY_WIRED (real),DIRECT_PRODUCT_ENTRY_VERIFIED,VERIFIED_3_VIEWPORTS_390x844_820x1180_1180x820,REGRESSION_PASS,PRODUCT_STRUCTURE_INTEGRATED,"KEEP_EXISTING_AS_CANONICAL: FamilyLanding is real/backend-integrated and structurally distinct from 1b's static mockup (service-picker vs photo/activity-feed home) — no equivalent business logic in the canonical Screen. Canonical single-source NOT attempted: forcing a merge would require inventing subscription/switcher/permission UI inside the W7.3-frozen Screen, which is a design decision outside this task's structural-integration scope, not a mechanical wiring gap. Route registered and verified this task; FamilyLanding's own presentation kept unchanged."
4,1c,포인트 잔치,USER_DASHBOARD,frontend/src/platform/markpoint/MarkpointUser.tsx (MarkpointUserPage),"balance vs lifetime-EXP distinction, deduction history, mission submission (real API)",PointFestivalPreview,CANONICAL_MAPPING_COMPLETE,KEEP_EXISTING_AS_CANONICAL,ALREADY_PRODUCT_BOUND,,,/markpoint,MongleAppShell nav (마크포인트) — LIVE,frontend/src/platform/markpoint/MarkpointUser.tsx (MarkpointUserPage),MongleAppShell,NOT_UNIFIED_BY_DESIGN (existing view is the product-facing implementation; canonical Screen remains the frozen W7.3 visual reference for the detached preview only),EXISTING_DATA_BEHAVIOR_PRESERVED,ALREADY_WIRED (real),ALREADY_WIRED (real),DIRECT_PRODUCT_ENTRY_VERIFIED,VERIFIED_3_VIEWPORTS_390x844_820x1180_1180x820,REGRESSION_PASS,PRODUCT_STRUCTURE_INTEGRATED,KEEP_EXISTING_AS_CANONICAL: MarkpointUserPage already existed as a full AccessBoundary-gated real route entry point. Same no-merge reasoning as 1b — balance/EXP distinction has no canonical-mockup equivalent. Route registered and verified this task.
5,1d,대화,WAGLE,frontend/src/platform/wagle/WagleRoomView.tsx,"realtime chat client, message dedup/gap-recovery, room list (real API)",FamilyChatPreview,CANONICAL_MAPPING_COMPLETE,KEEP_EXISTING_AS_CANONICAL,ALREADY_PRODUCT_BOUND,,,/wagle,MongleAppShell nav (와글와글) — LIVE,frontend/src/platform/wagle/WagleRoomView.tsx,MongleAppShell,NOT_UNIFIED_BY_DESIGN (existing view is the product-facing implementation; canonical Screen remains the frozen W7.3 visual reference for the detached preview only),EXISTING_DATA_BEHAVIOR_PRESERVED,ALREADY_WIRED (real),ALREADY_WIRED (real),DIRECT_PRODUCT_ENTRY_VERIFIED,VERIFIED_3_VIEWPORTS_390x844_820x1180_1180x820,REGRESSION_PASS,PRODUCT_STRUCTURE_INTEGRATED,"KEEP_EXISTING_AS_CANONICAL: WagleRoomView is structurally comparable to canonical 1d (header+participants, bubble thread, composer) but far more functionally complete (realtime, dedup, gap-recovery) — reskinning to the static mockup would risk regressing tested behavior for cosmetic parity. e2e specs-mongle/01-shell.spec.ts + 02-wagle-realtime.spec.ts already assert this route contract. Route registered and verified this task (could not run e2e live — no backend in this environment)."
6,1e,관리자 포인트 관리,ADMIN_DASHBOARD,frontend/src/pages/AdminDashboard/views/PointView/,real point/balance list + deduction API,AdminPointManagementPreview,CANONICAL_MAPPING_COMPLETE,KEEP_EXISTING_AS_CANONICAL,ALREADY_PRODUCT_BOUND,,AdminDashboard,/admin (nested),AdminDashboard Sidebar/MobileDrawer nav - LIVE (pre-existing),frontend/src/pages/AdminDashboard/views/PointView/,MongleAppShell > AdminLayout,NOT_UNIFIED_BY_DESIGN (real admin view is the product-facing implementation; canonical Screen remains the frozen W7.3 visual reference for the detached preview only - same reasoning as 1b/1c/1d),EXISTING_DATA_BEHAVIOR_PRESERVED (untouched),ALREADY_WIRED (real),ALREADY_WIRED (real),DIRECT_PRODUCT_ENTRY_VERIFIED,VERIFIED_3_VIEWPORTS_390x844_820x1180_1180x820,REGRESSION_PASS,PRODUCT_STRUCTURE_INTEGRATED,"KEEP_EXISTING_AS_CANONICAL: real AdminDashboard component (frontend/src/pages/AdminDashboard/views/PointView/) already provides equivalent functionality independently of the W7.3 canonical mockup track, with real backend logic the mockup does not represent. Same no-reskin reasoning as 1b/1c/1d."
7,1f,나 프로필,FAMILY_CONTEXT,NONE (frontend/src/pages/profile/ was an empty scaffold),NONE,MyProfilePreview,CANONICAL_MAPPING_COMPLETE,CREATE_NEW_PRODUCT_CONTAINER,ROUTE_PAGE,,,/profile,Account-name link in MongleAppShell header (previously plain text) - LIVE,frontend/src/pages/profile/ProfilePage.tsx,MongleAppShell,CANONICAL_SINGLE_SOURCE_CONFIRMED,N/A (no prior product view existed),DATA_AND_BEHAVIOR_WIRING_PENDING (no current-player profile API wired),MUTATION_WIRING_PENDING (no profile/notification/language/theme/account-deletion API),DIRECT_PRODUCT_ENTRY_VERIFIED,VERIFIED_3_VIEWPORTS_390x844_820x1180_1180x820,REGRESSION_PASS,PRODUCT_STRUCTURE_INTEGRATED,"Extracted screens/family/MyProfile/MyProfileScreen.tsx from inline MyProfilePreview. New /profile route; new real trigger added to MongleAppShell header (was a plain, unlinked <span>)."
8,1g,가족 일정,FAMILY_CONTEXT,NONE (empty scaffold),NONE,FamilySchedulePreview,CANONICAL_MAPPING_COMPLETE,CREATE_NEW_PRODUCT_CONTAINER,NESTED_ROUTE,1b,FamilyLanding (1b),/family/schedule,'가족 일정' link in FamilyLanding (1b) '가족 기능' section - LIVE,frontend/src/features/family-schedule/FamilySchedulePage.tsx (view state),MongleAppShell,CANONICAL_SINGLE_SOURCE_CONFIRMED,N/A (no prior product view existed),DATA_AND_BEHAVIOR_WIRING_PENDING,MUTATION_WIRING_PENDING (no schedule/album/todo API),DIRECT_PRODUCT_ENTRY_VERIFIED,VERIFIED_3_VIEWPORTS_390x844_820x1180_1180x820,REGRESSION_PASS,PRODUCT_STRUCTURE_INTEGRATED,Extracted screens/family/FamilySchedule/FamilyScheduleScreen.tsx from inline FamilySchedulePreview. New /family/schedule route; new real trigger added to FamilyLanding.
9,1h,앨범,FAMILY_CONTEXT,NONE (empty scaffold),NONE,FamilyAlbumPreview,CANONICAL_MAPPING_COMPLETE,CREATE_NEW_PRODUCT_CONTAINER,NESTED_ROUTE,1b,FamilyLanding (1b),/family/album,'앨범' link in FamilyLanding (1b) '가족 기능' section - LIVE,frontend/src/features/family-album/FamilyAlbumPage.tsx (view state),MongleAppShell,CANONICAL_SINGLE_SOURCE_CONFIRMED,N/A (no prior product view existed),DATA_AND_BEHAVIOR_WIRING_PENDING,MUTATION_WIRING_PENDING (no schedule/album/todo API),DIRECT_PRODUCT_ENTRY_VERIFIED,VERIFIED_3_VIEWPORTS_390x844_820x1180_1180x820,REGRESSION_PASS,PRODUCT_STRUCTURE_INTEGRATED,Extracted screens/family/FamilyAlbum/FamilyAlbumScreen.tsx from inline FamilyAlbumPreview. New /family/album route; new real trigger added to FamilyLanding.
10,1i,할 일,FAMILY_CONTEXT,NONE (empty scaffold),NONE,FamilyTodoPreview,CANONICAL_MAPPING_COMPLETE,CREATE_NEW_PRODUCT_CONTAINER,ROUTE_PAGE,1b,FamilyLanding (1b),/family/todo,'할 일' link in FamilyLanding (1b) '가족 기능' section - LIVE,frontend/src/features/family-todo/FamilyTodoPage.tsx,MongleAppShell,CANONICAL_SINGLE_SOURCE_CONFIRMED,N/A (no prior product view existed),DATA_AND_BEHAVIOR_WIRING_PENDING (real local toggle state; no todo API),"MUTATION_WIRING_PENDING (real local status toggle only, no backend save)",DIRECT_PRODUCT_ENTRY_VERIFIED,VERIFIED_3_VIEWPORTS_390x844_820x1180_1180x820,REGRESSION_PASS,PRODUCT_STRUCTURE_INTEGRATED,Extracted screens/family/FamilyTodo/FamilyTodoScreen.tsx from inline FamilyTodoPreview. New /family/todo route with real local toggle state.
11,1j,PIN 입력,AUTH_FLOW,frontend/src/pages/Auth/components/PinInputView.tsx,"real PIN entry, real authApi.login() call, real session set, real navigate on success",PinEntryPreview,CANONICAL_MAPPING_COMPLETE,KEEP_EXISTING_AS_CANONICAL,AUTH_FLOW_STEP,1a,,/,AuthPage mode='pin' (after player select) - LIVE,frontend/src/pages/Auth/index.tsx,"none (pre-shell, public)",NOT_UNIFIED_BY_DESIGN (real Auth component is the product-facing implementation; canonical Screen remains the frozen W7.3 visual reference for the detached preview only),EXISTING_DATA_BEHAVIOR_PRESERVED (untouched),ALREADY_WIRED (real),ALREADY_WIRED (real),PARENT_TRIGGER_ENTRY_VERIFIED,VERIFIED_3_VIEWPORTS_390x844_820x1180_1180x820,REGRESSION_PASS,PRODUCT_STRUCTURE_INTEGRATED,"KEEP_EXISTING_AS_CANONICAL: PinInputView is the real, functional, backend-integrated PIN step."
12,1j-1,계정 잠금,AUTH_FLOW,frontend/src/pages/Auth/components/PinInputView.tsx (lockedMessage state),real: shown when authApi.login() returns HTTP 423,AccountLockPreview,CANONICAL_MAPPING_COMPLETE,KEEP_EXISTING_AS_CANONICAL,PAGE_LOCAL_STATE,1j,,/,Real HTTP 423 response within PinInputView - LIVE,frontend/src/pages/Auth/index.tsx,"none (pre-shell, public)",NOT_UNIFIED_BY_DESIGN (real Auth component is the product-facing implementation; canonical Screen remains the frozen W7.3 visual reference for the detached preview only),EXISTING_DATA_BEHAVIOR_PRESERVED (untouched),ALREADY_WIRED (real),ALREADY_WIRED (real),PARENT_TRIGGER_ENTRY_VERIFIED,VERIFIED_3_VIEWPORTS_390x844_820x1180_1180x820,REGRESSION_PASS,PRODUCT_STRUCTURE_INTEGRATED,"KEEP_EXISTING_AS_CANONICAL: found already implemented as a real conditional state inside PinInputView (not a separate mode/route) - confirmed via direct code read, not assumed."
13,1k,미션 상세,USER_DASHBOARD,NONE (new),NONE,MissionDetailPreview,CANONICAL_MAPPING_COMPLETE,CREATE_NEW_PRODUCT_CONTAINER,INLINE_OVERLAY,1c,MarkpointUser (1c),/markpoint (overlay),Clicking a mission title in the weekly mission list - LIVE,frontend/src/platform/markpoint/MarkpointUser.tsx (overlay state),MongleAppShell,"CANONICAL_SINGLE_SOURCE_CONFIRMED (Screen extracted to screens/markpoint/**, both container and detached preview import it)",N/A (no prior product view existed for this specific action),PARTIAL (real title + reward_amount flow through; checklist/photo use canonical fixture as pending adapter),ALREADY_WIRED for non-rejected missions (reuses the real handleSubmit/submitMission API call); MUTATION_WIRING_PENDING for the checklist/photo sub-fields,PARENT_TRIGGER_ENTRY_VERIFIED,VERIFIED_3_VIEWPORTS_390x844_820x1180_1180x820,REGRESSION_PASS,PRODUCT_STRUCTURE_INTEGRATED,"Extracted screens/markpoint/MissionDetail/MissionDetailScreen.tsx from inline MissionDetailPreview. Real mission data (title, reward) adapted in; submit reuses the existing real submitMission() API call for non-rejected missions."
14,1l,보상 교환,USER_DASHBOARD,NONE (new),NONE,RewardExchangePreview,CANONICAL_MAPPING_COMPLETE,CREATE_NEW_PRODUCT_CONTAINER,INLINE_OVERLAY,1c,MarkpointUser (1c),/markpoint (overlay),'보상 교환' button in MarkpointUser header - LIVE,frontend/src/platform/markpoint/MarkpointUser.tsx (overlay state),MongleAppShell,"CANONICAL_SINGLE_SOURCE_CONFIRMED (Screen extracted to screens/markpoint/**, both container and detached preview import it)",N/A (no prior product view existed for this specific action),PARTIAL (real current_balance flows through; reward list uses canonical fixture - no reward-catalog API exists),MUTATION_WIRING_PENDING (no reward-catalog/exchange API),PARENT_TRIGGER_ENTRY_VERIFIED,VERIFIED_3_VIEWPORTS_390x844_820x1180_1180x820,REGRESSION_PASS,PRODUCT_STRUCTURE_INTEGRATED,"Extracted screens/markpoint/RewardExchange/RewardExchangeScreen.tsx from inline RewardExchangePreview. Distinct canonical ID from 2j per Ownership Matrix (both target MarkpointUser.tsx) - wired as a separate real trigger rather than merged, since collapsing two distinct canonical IDs into one would violate the no-uncontrolled-duplication boundary in the other direction (silently dropping a required screen). The mockup bottom-dock nav present in the original inline preview was intentionally omitted when embedding in the real overlay (would duplicate MongleAppShell real navigation); the detached preview lost this decorative element as a result - disclosed, not a functional regression."
15,1m,관리자 승인 대기함,ADMIN_DASHBOARD,frontend/src/pages/AdminDashboard/views/DashboardView/components/PendingApprovalModal.tsx,"real approval-queue modal, real API",MissionApprovalPreview,CANONICAL_MAPPING_COMPLETE,KEEP_EXISTING_AS_CANONICAL,ALREADY_PRODUCT_BOUND,2e,DashboardView (2i),/admin (nested),AdminDashboard Sidebar/MobileDrawer nav - LIVE (pre-existing),frontend/src/pages/AdminDashboard/views/DashboardView/components/PendingApprovalModal.tsx,MongleAppShell > AdminLayout,NOT_UNIFIED_BY_DESIGN (real admin view is the product-facing implementation; canonical Screen remains the frozen W7.3 visual reference for the detached preview only - same reasoning as 1b/1c/1d),EXISTING_DATA_BEHAVIOR_PRESERVED (untouched),ALREADY_WIRED (real),ALREADY_WIRED (real),PARENT_TRIGGER_ENTRY_VERIFIED,VERIFIED_3_VIEWPORTS_390x844_820x1180_1180x820,REGRESSION_PASS,PRODUCT_STRUCTURE_INTEGRATED,"KEEP_EXISTING_AS_CANONICAL: real AdminDashboard component (frontend/src/pages/AdminDashboard/views/DashboardView/components/PendingApprovalModal.tsx) already provides equivalent functionality independently of the W7.3 canonical mockup track, with real backend logic the mockup does not represent. Same no-reskin reasoning as 1b/1c/1d."
16,1n,알림 목록,FAMILY_CONTEXT,NO_EXISTING_PRODUCT_VIEW,NONE,NotificationListPreview,CANONICAL_MAPPING_CONFIRMED,CREATE_NEW_PRODUCT_CONTAINER,ROUTE_PAGE,1b,frontend/src/platform/pages/FamilyLanding.tsx,/family/notifications,frontend/src/platform/pages/FamilyLanding.tsx data-testid='feature-notifications' Link to /family/notifications,frontend/src/features/family-notifications/NotificationsPage.tsx,MongleAppShell,CANONICAL_SINGLE_SOURCE_CONFIRMED,NO_PRIOR_PRODUCT_BEHAVIOR_TO_PRESERVE,DATA_AND_BEHAVIOR_WIRING_PENDING,MUTATION_WIRING_PENDING,DIRECT_PRODUCT_ENTRY_VERIFIED,VERIFIED_3_VIEWPORTS_390x844_820x1180_1180x820,REGRESSION_PASS,PRODUCT_STRUCTURE_INTEGRATED,New screens/family/NotificationList/* extraction from prior inline NotificationListPreview. onFilter wired to real local useState (genuine Screen-local UI state); onMarkAllRead/onSelectNotification are no-ops pending a real notifications API.
17,1o,일정 추가,FAMILY_CONTEXT,NONE (empty scaffold),NONE,ScheduleAddPreview,CANONICAL_MAPPING_COMPLETE,CREATE_NEW_PRODUCT_CONTAINER,INLINE_OVERLAY,1g,FamilyScheduleScreen (1g),/family/schedule (overlay),'+ 일정 추가' button in FamilyScheduleScreen (1g) - LIVE,frontend/src/features/family-schedule/FamilySchedulePage.tsx (view state),MongleAppShell,CANONICAL_SINGLE_SOURCE_CONFIRMED,N/A (no prior product view existed),DATA_AND_BEHAVIOR_WIRING_PENDING,MUTATION_WIRING_PENDING (no schedule/album/todo API),PARENT_TRIGGER_ENTRY_VERIFIED,VERIFIED_3_VIEWPORTS_390x844_820x1180_1180x820,REGRESSION_PASS,PRODUCT_STRUCTURE_INTEGRATED,Extracted screens/family/ScheduleAdd/ScheduleAddScreen.tsx from inline ScheduleAddPreview.
18,1p,사진 상세,FAMILY_CONTEXT,NONE (empty scaffold),NONE,PhotoDetailPreview,CANONICAL_MAPPING_COMPLETE,CREATE_NEW_PRODUCT_CONTAINER,INLINE_OVERLAY,1h,FamilyAlbumScreen (1h),/family/album (overlay),Selecting a photo in FamilyAlbumScreen (1h) or AlbumSearchScreen (1w) - LIVE,frontend/src/features/family-album/FamilyAlbumPage.tsx (view state),MongleAppShell,CANONICAL_SINGLE_SOURCE_CONFIRMED,N/A (no prior product view existed),DATA_AND_BEHAVIOR_WIRING_PENDING,MUTATION_WIRING_PENDING (no schedule/album/todo API),PARENT_TRIGGER_ENTRY_VERIFIED,VERIFIED_3_VIEWPORTS_390x844_820x1180_1180x820,REGRESSION_PASS,PRODUCT_STRUCTURE_INTEGRATED,Extracted screens/family/PhotoDetail/PhotoDetailScreen.tsx from inline PhotoDetailPreview.
19,1q,가족 구성원 관리,FAMILY_CONTEXT,NO_EXISTING_PRODUCT_VIEW,NONE,FamilyMembersPreview,CANONICAL_MAPPING_CONFIRMED,CREATE_NEW_PRODUCT_CONTAINER,ROUTE_PAGE,1b,frontend/src/platform/pages/FamilyLanding.tsx,/family/members,frontend/src/platform/pages/FamilyLanding.tsx data-testid='feature-members' Link to /family/members,frontend/src/features/family-members/FamilyMembersPage.tsx,MongleAppShell,CANONICAL_SINGLE_SOURCE_CONFIRMED,NO_PRIOR_PRODUCT_BEHAVIOR_TO_PRESERVE,DATA_AND_BEHAVIOR_WIRING_PENDING,MUTATION_WIRING_PENDING,DIRECT_PRODUCT_ENTRY_VERIFIED,VERIFIED_3_VIEWPORTS_390x844_820x1180_1180x820,REGRESSION_PASS,PRODUCT_STRUCTURE_INTEGRATED,Root of family-members domain. New screens/family/FamilyMembers/* extraction from prior inline FamilyMembersPreview. onEdit callback wired to no-op (no edit screen exists in the 5-screen set; DATA_AND_BEHAVIOR_WIRING_PENDING). Added optional pendingChildRequestName field + onViewRequests prop as the real trigger into 2f (no other reachable entry point existed for it).
20,1r,온보딩,FAMILY_CONTEXT,NONE (new),NONE,OnboardingPreview,CANONICAL_MAPPING_COMPLETE,CREATE_NEW_PRODUCT_CONTAINER,ROUTE_PAGE,,,/onboarding,"""가족 만들기"" link in FamilyLanding zero-families state - LIVE",frontend/src/features/family-onboarding/OnboardingFlowPage.tsx,MongleAppShell,"CANONICAL_SINGLE_SOURCE_CONFIRMED (Screen extracted/imported, both container and detached preview consume it)","N/A (frontend/src/features/family-onboarding/ was an empty scaffold, no prior product view existed)",DATA_AND_BEHAVIOR_WIRING_PENDING (real local family-name input state; no create-family API),MUTATION_WIRING_PENDING (no family-create/PIN-save API exists),DIRECT_PRODUCT_ENTRY_VERIFIED,VERIFIED_3_VIEWPORTS_390x844_820x1180_1180x820,REGRESSION_PASS,PRODUCT_STRUCTURE_INTEGRATED,"Extracted screens/family/Onboarding/OnboardingScreen.tsx from the inline OnboardingPreview. New route /onboarding registered; real trigger added to FamilyLanding (previously a dead-end ""참여 중인 가족이 없습니다"" message with no way forward)."
21,1s,미션 반려,USER_DASHBOARD,NONE (new),NONE,MissionRejectPreview,CANONICAL_MAPPING_COMPLETE,CREATE_NEW_PRODUCT_CONTAINER,INLINE_OVERLAY,1k,MissionDetailScreen overlay (1k),/markpoint (overlay),'완료 인증 제출하기' on a rejected mission's detail overlay (1k) - LIVE,frontend/src/platform/markpoint/MarkpointUser.tsx (overlay state),MongleAppShell,"CANONICAL_SINGLE_SOURCE_CONFIRMED (Screen extracted to screens/markpoint/**, both container and detached preview import it)",N/A (no prior product view existed for this specific action),PARTIAL (real mission title flows through; reviewer/reason use canonical fixture - no rejection-reason API),MUTATION_WIRING_PENDING (no resubmit API),PARENT_TRIGGER_ENTRY_VERIFIED,VERIFIED_3_VIEWPORTS_390x844_820x1180_1180x820,REGRESSION_PASS,PRODUCT_STRUCTURE_INTEGRATED,Extracted screens/markpoint/MissionReject/MissionRejectScreen.tsx. Reached when a mission with status=rejected is opened.
22,1t,채팅방 설정,WAGLE,NONE (new),NONE,ChatSettingsPreview,CANONICAL_MAPPING_COMPLETE,CREATE_NEW_PRODUCT_CONTAINER,INLINE_OVERLAY,1d,WagleRoomView (1d),/wagle (overlay),WagleRoomView room-header ⚙ button - LIVE,frontend/src/platform/wagle/WagleRoomView.tsx (overlay state),MongleAppShell,"CANONICAL_SINGLE_SOURCE_CONFIRMED (Screen extracted to screens/wagle/**, both product container and detached preview import it)",N/A (no prior product view existed),DATA_AND_BEHAVIOR_WIRING_PENDING (real room title threaded through; member/toggle data uses canonical fixture as explicit pending adapter),MUTATION_WIRING_PENDING (no backend API for this sub-feature yet),PARENT_TRIGGER_ENTRY_VERIFIED,VERIFIED_3_VIEWPORTS_390x844_820x1180_1180x820,REGRESSION_PASS,PRODUCT_STRUCTURE_INTEGRATED,"Extracted screens/wagle/ChatSettings/ChatSettingsScreen.tsx from the inline ChatSettingsPreview. Wired as a real overlay via WagleRoomView local state, triggered by a real header button."
23,1u,PIN 변경,FAMILY_CONTEXT,NONE (frontend/src/pages/profile/ was an empty scaffold),NONE,PinChangePreview,CANONICAL_MAPPING_COMPLETE,CREATE_NEW_PRODUCT_CONTAINER,PAGE_LOCAL_STATE,1f,ProfilePage (1f),/profile,'PIN 변경' item in settings list (2k) or profile home (1f) - LIVE,frontend/src/pages/profile/ProfilePage.tsx,MongleAppShell,CANONICAL_SINGLE_SOURCE_CONFIRMED,N/A (no prior product view existed),DATA_AND_BEHAVIOR_WIRING_PENDING (self-contained step/digit UI state; no PIN-change API),MUTATION_WIRING_PENDING (no profile/notification/language/theme/account-deletion API),PARENT_TRIGGER_ENTRY_VERIFIED,VERIFIED_3_VIEWPORTS_390x844_820x1180_1180x820,REGRESSION_PASS,PRODUCT_STRUCTURE_INTEGRATED,"Extracted screens/family/PinChange/PinChangeScreen.tsx — kept its already-real self-contained step/digit state machine from the inline preview, added onBack/onComplete props."
24,1v,가족 규칙 설정,FAMILY_CONTEXT,NO_EXISTING_PRODUCT_VIEW,NONE,FamilyRulesPreview,CANONICAL_MAPPING_CONFIRMED,CREATE_NEW_PRODUCT_CONTAINER,ROUTE_PAGE,1b,frontend/src/platform/pages/FamilyLanding.tsx,/family/rules,frontend/src/platform/pages/FamilyLanding.tsx data-testid='feature-rules' Link to /family/rules (added this pass; no such link existed before),frontend/src/features/family-rules/FamilyRulesPage.tsx,MongleAppShell,CANONICAL_SINGLE_SOURCE_CONFIRMED,NO_PRIOR_PRODUCT_BEHAVIOR_TO_PRESERVE,DATA_AND_BEHAVIOR_WIRING_PENDING,MUTATION_WIRING_PENDING,DIRECT_PRODUCT_ENTRY_VERIFIED,VERIFIED_3_VIEWPORTS_390x844_820x1180_1180x820,REGRESSION_PASS,PRODUCT_STRUCTURE_INTEGRATED,"New screens/family/FamilyRules/* extraction from prior inline FamilyRulesPreview. onSave/onSelectRule/onAddRule are no-ops pending a real rules API. Container adds a locally-added ""가족 규칙 안내 보기"" trigger button (no such button existed in the original mockup) as the real entry point into 2q."
25,1w,앨범 검색 결과,FAMILY_CONTEXT,NONE (empty scaffold),NONE,AlbumSearchPreview,CANONICAL_MAPPING_COMPLETE,CREATE_NEW_PRODUCT_CONTAINER,INLINE_OVERLAY,1h,FamilyAlbumScreen (1h),/family/album (overlay),search button in FamilyAlbumScreen (1h) - LIVE,frontend/src/features/family-album/FamilyAlbumPage.tsx (view state),MongleAppShell,CANONICAL_SINGLE_SOURCE_CONFIRMED,N/A (no prior product view existed),DATA_AND_BEHAVIOR_WIRING_PENDING,MUTATION_WIRING_PENDING (no schedule/album/todo API),PARENT_TRIGGER_ENTRY_VERIFIED,VERIFIED_3_VIEWPORTS_390x844_820x1180_1180x820,REGRESSION_PASS,PRODUCT_STRUCTURE_INTEGRATED,Extracted screens/family/AlbumSearch/AlbumSearchScreen.tsx from inline AlbumSearchPreview.
26,1x,자녀 주간 리포트,ADMIN_DASHBOARD,frontend/src/pages/AdminDashboard/views/DashboardView/,"real weekly-activity chart, real API",WeeklyReportPreview,CANONICAL_MAPPING_COMPLETE,KEEP_EXISTING_AS_CANONICAL,ALREADY_PRODUCT_BOUND,2i,DashboardView (2i),/admin (nested),AdminDashboard Sidebar/MobileDrawer nav - LIVE (pre-existing),frontend/src/pages/AdminDashboard/views/DashboardView/,MongleAppShell > AdminLayout,NOT_UNIFIED_BY_DESIGN (real admin view is the product-facing implementation; canonical Screen remains the frozen W7.3 visual reference for the detached preview only - same reasoning as 1b/1c/1d),EXISTING_DATA_BEHAVIOR_PRESERVED (untouched),ALREADY_WIRED (real),ALREADY_WIRED (real),DIRECT_PRODUCT_ENTRY_VERIFIED,VERIFIED_3_VIEWPORTS_390x844_820x1180_1180x820,REGRESSION_PASS,PRODUCT_STRUCTURE_INTEGRATED,"KEEP_EXISTING_AS_CANONICAL: real AdminDashboard component (frontend/src/pages/AdminDashboard/views/DashboardView/) already provides equivalent functionality independently of the W7.3 canonical mockup track, with real backend logic the mockup does not represent. Same no-reskin reasoning as 1b/1c/1d."
27,1z,기본 모달 폼,ADMIN_DASHBOARD,frontend/src/pages/AdminDashboard/components/AdminModal/AdminModal.tsx,shared modal shell already used by ~12 real admin modals,BasicModalPreview,CANONICAL_MAPPING_COMPLETE,KEEP_EXISTING_AS_CANONICAL,ALREADY_PRODUCT_BOUND,2e,MissionView (2e),/admin (nested),AdminDashboard Sidebar/MobileDrawer nav - LIVE (pre-existing),frontend/src/pages/AdminDashboard/components/AdminModal/AdminModal.tsx,MongleAppShell > AdminLayout,NOT_UNIFIED_BY_DESIGN (real admin view is the product-facing implementation; canonical Screen remains the frozen W7.3 visual reference for the detached preview only - same reasoning as 1b/1c/1d),EXISTING_DATA_BEHAVIOR_PRESERVED (untouched),ALREADY_WIRED (real),ALREADY_WIRED (real),PARENT_TRIGGER_ENTRY_VERIFIED,VERIFIED_3_VIEWPORTS_390x844_820x1180_1180x820,REGRESSION_PASS,PRODUCT_STRUCTURE_INTEGRATED,"KEEP_EXISTING_AS_CANONICAL: real AdminDashboard component (frontend/src/pages/AdminDashboard/components/AdminModal/AdminModal.tsx) already provides equivalent functionality independently of the W7.3 canonical mockup track, with real backend logic the mockup does not represent. Same no-reskin reasoning as 1b/1c/1d."
28,2a,사용자 관리 상세,ADMIN_DASHBOARD,frontend/src/pages/AdminDashboard/views/PlayerView/,"real AddPlayerModal/PhotoUploadModal/PinChangeModal, real API",UserManagementDetailPreview,CANONICAL_MAPPING_COMPLETE,KEEP_EXISTING_AS_CANONICAL,ALREADY_PRODUCT_BOUND,1q,PlayerView,/admin (nested),AdminDashboard Sidebar/MobileDrawer nav - LIVE (pre-existing),frontend/src/pages/AdminDashboard/views/PlayerView/,MongleAppShell > AdminLayout,NOT_UNIFIED_BY_DESIGN (real admin view is the product-facing implementation; canonical Screen remains the frozen W7.3 visual reference for the detached preview only - same reasoning as 1b/1c/1d),EXISTING_DATA_BEHAVIOR_PRESERVED (untouched),ALREADY_WIRED (real),ALREADY_WIRED (real),DIRECT_PRODUCT_ENTRY_VERIFIED,VERIFIED_3_VIEWPORTS_390x844_820x1180_1180x820,REGRESSION_PASS,PRODUCT_STRUCTURE_INTEGRATED,"KEEP_EXISTING_AS_CANONICAL: real AdminDashboard component (frontend/src/pages/AdminDashboard/views/PlayerView/) already provides equivalent functionality independently of the W7.3 canonical mockup track, with real backend logic the mockup does not represent. Same no-reskin reasoning as 1b/1c/1d."
29,2b,사진/파일 전체보기,WAGLE,NONE (new),NONE,FileViewerPreview,CANONICAL_MAPPING_COMPLETE,CREATE_NEW_PRODUCT_CONTAINER,INLINE_OVERLAY,1d,WagleRoomView (1d),/wagle (overlay),WagleRoomView room-header photo button - LIVE,frontend/src/platform/wagle/WagleRoomView.tsx (overlay state),MongleAppShell,"CANONICAL_SINGLE_SOURCE_CONFIRMED (Screen extracted to screens/wagle/**, both product container and detached preview import it)",N/A (no prior product view existed),DATA_AND_BEHAVIOR_WIRING_PENDING (real room title threaded through; file list uses canonical fixture as explicit pending adapter - no file-listing API exists),MUTATION_WIRING_PENDING (no backend API for this sub-feature yet),PARENT_TRIGGER_ENTRY_VERIFIED,VERIFIED_3_VIEWPORTS_390x844_820x1180_1180x820,REGRESSION_PASS,PRODUCT_STRUCTURE_INTEGRATED,"Extracted screens/wagle/FileViewer/FileViewerScreen.tsx from the inline FileViewerPreview. Wired as a real overlay via WagleRoomView local state, triggered by a real header button."
30,2c,레벨업 축하,USER_DASHBOARD,NONE (new),NONE,LevelUpPreview,CANONICAL_MAPPING_COMPLETE,CREATE_NEW_PRODUCT_CONTAINER,MODAL_DIALOG,1c,MarkpointUser (1c),/markpoint (overlay),level-up celebration button on the level card - LIVE,frontend/src/platform/markpoint/MarkpointUser.tsx (overlay state),MongleAppShell,"CANONICAL_SINGLE_SOURCE_CONFIRMED (Screen extracted to screens/markpoint/**, both container and detached preview import it)",N/A (no prior product view existed for this specific action),"PARTIAL (real level number + title flow through; bonus-points value not available from getLevel() - uses 0 as an explicit placeholder, not a fabricated number)",N/A (no mutation),PARENT_TRIGGER_ENTRY_VERIFIED,VERIFIED_3_VIEWPORTS_390x844_820x1180_1180x820,REGRESSION_PASS,PRODUCT_STRUCTURE_INTEGRATED,"Extracted screens/markpoint/LevelUp/LevelUpScreen.tsx. Manually triggered for structural verification - a real product trigger would fire automatically on an actual level-up event, which needs backend push support (W7.5)."
31,2e,미션 목록 관리,ADMIN_DASHBOARD,frontend/src/pages/AdminDashboard/views/MissionView/,real mission-list view + API,MissionManagementPreview,CANONICAL_MAPPING_COMPLETE,KEEP_EXISTING_AS_CANONICAL,ALREADY_PRODUCT_BOUND,,AdminDashboard,/admin (nested),AdminDashboard Sidebar/MobileDrawer nav - LIVE (pre-existing),frontend/src/pages/AdminDashboard/views/MissionView/,MongleAppShell > AdminLayout,NOT_UNIFIED_BY_DESIGN (real admin view is the product-facing implementation; canonical Screen remains the frozen W7.3 visual reference for the detached preview only - same reasoning as 1b/1c/1d),EXISTING_DATA_BEHAVIOR_PRESERVED (untouched),ALREADY_WIRED (real),ALREADY_WIRED (real),DIRECT_PRODUCT_ENTRY_VERIFIED,VERIFIED_3_VIEWPORTS_390x844_820x1180_1180x820,REGRESSION_PASS,PRODUCT_STRUCTURE_INTEGRATED,"KEEP_EXISTING_AS_CANONICAL: real AdminDashboard component (frontend/src/pages/AdminDashboard/views/MissionView/) already provides equivalent functionality independently of the W7.3 canonical mockup track, with real backend logic the mockup does not represent. Same no-reskin reasoning as 1b/1c/1d."
32,2f,자녀 초대 승인,FAMILY_CONTEXT,NO_EXISTING_PRODUCT_VIEW,NONE,ChildInvitePreview,CANONICAL_MAPPING_CONFIRMED,CREATE_NEW_PRODUCT_CONTAINER,PAGE_LOCAL_STATE,1q,frontend/src/features/family-members/FamilyMembersPage.tsx,/family/members,"FamilyMembersScreen (1q) '~님의 가족 참여 요청이 도착했어요' requestNotice button, rendered when model.pendingChildRequestName is set",frontend/src/features/family-members/FamilyMembersPage.tsx,MongleAppShell,CANONICAL_SINGLE_SOURCE_CONFIRMED,NO_PRIOR_PRODUCT_BEHAVIOR_TO_PRESERVE,DATA_AND_BEHAVIOR_WIRING_PENDING,MUTATION_WIRING_PENDING,PARENT_TRIGGER_ENTRY_VERIFIED,VERIFIED_3_VIEWPORTS_390x844_820x1180_1180x820,REGRESSION_PASS,PRODUCT_STRUCTURE_INTEGRATED,New screens/family/ChildInvite/* extraction from prior inline ChildInvitePreview. onApprove/onDismiss both return to main view locally; no backend approve-invite call exists yet.
33,2g,채팅 답장,WAGLE,NONE (was detached-only),NONE,ChatReplyPreview,CANONICAL_MAPPING_COMPLETE,ADAPT_EXISTING_LOGIC_TO_CANONICAL,INLINE_OVERLAY,1d,WagleRoomView (1d),/wagle (overlay),Per-message reply button in WagleRoomView message list - LIVE,frontend/src/platform/wagle/WagleRoomView.tsx (overlay state),MongleAppShell,"CANONICAL_SINGLE_SOURCE_CONFIRMED (Screen extracted to screens/wagle/**, both product container and detached preview import it)",N/A,PARTIAL (real message body + real room title flow through buildChatReplyModel adapter; quoted-author name not available - no participant-name lookup wired to this component yet),MUTATION_WIRING_PENDING (no backend API for this sub-feature yet),PARENT_TRIGGER_ENTRY_VERIFIED,VERIFIED_3_VIEWPORTS_390x844_820x1180_1180x820,REGRESSION_PASS,PRODUCT_STRUCTURE_INTEGRATED,"W7.3-resolved Screen (screens/wagle/ChatReply) now real-data-adapted via buildChatReplyModel() in WagleRoomView, triggered by a real per-message reply button (not the mockup long-press context menu - a click-triggered equivalent, since this app has no long-press gesture layer). Re-verified W7.3 visual baseline held after refactor: diffRatio unchanged/improved (0.0499->0.0496 mobile, 0.0292->0.0283 portrait, 0.0211->0.0201 landscape)."
34,2h,교환 확인,USER_DASHBOARD,NONE (new),NONE,ExchangeConfirmPreview,CANONICAL_MAPPING_COMPLETE,CREATE_NEW_PRODUCT_CONTAINER,MODAL_DIALOG,2j,RewardShopScreen (2j) / RewardExchangeScreen (1l) overlay,/markpoint (overlay),Selecting a reward in RewardShopScreen (2j) or RewardExchangeScreen (1l) - LIVE,frontend/src/platform/markpoint/MarkpointUser.tsx (overlay state),MongleAppShell,"CANONICAL_SINGLE_SOURCE_CONFIRMED (Screen extracted to screens/markpoint/**, both container and detached preview import it)",N/A (no prior product view existed for this specific action),"PARTIAL (real current_balance flows through; reward name/cost from the selected fixture item, since no reward-catalog API exists)",MUTATION_WIRING_PENDING (no exchange-mutation API),PARENT_TRIGGER_ENTRY_VERIFIED,VERIFIED_3_VIEWPORTS_390x844_820x1180_1180x820,REGRESSION_PASS,PRODUCT_STRUCTURE_INTEGRATED,Extracted screens/markpoint/ExchangeConfirm/ExchangeConfirmScreen.tsx.
35,2i,부모 대시보드,ADMIN_DASHBOARD,frontend/src/pages/AdminDashboard/views/DashboardView/,real parent dashboard root + API,ParentDashboardPreview,CANONICAL_MAPPING_COMPLETE,KEEP_EXISTING_AS_CANONICAL,ALREADY_PRODUCT_BOUND,,AdminDashboard,/admin (nested),AdminDashboard Sidebar/MobileDrawer nav - LIVE (pre-existing),frontend/src/pages/AdminDashboard/views/DashboardView/,MongleAppShell > AdminLayout,NOT_UNIFIED_BY_DESIGN (real admin view is the product-facing implementation; canonical Screen remains the frozen W7.3 visual reference for the detached preview only - same reasoning as 1b/1c/1d),EXISTING_DATA_BEHAVIOR_PRESERVED (untouched),ALREADY_WIRED (real),ALREADY_WIRED (real),DIRECT_PRODUCT_ENTRY_VERIFIED,VERIFIED_3_VIEWPORTS_390x844_820x1180_1180x820,REGRESSION_PASS,PRODUCT_STRUCTURE_INTEGRATED,"KEEP_EXISTING_AS_CANONICAL: real AdminDashboard component (frontend/src/pages/AdminDashboard/views/DashboardView/) already provides equivalent functionality independently of the W7.3 canonical mockup track, with real backend logic the mockup does not represent. Same no-reskin reasoning as 1b/1c/1d."
36,2j,리워드샵,USER_DASHBOARD,NONE (new),NONE,RewardShopPreview,CANONICAL_MAPPING_COMPLETE,CREATE_NEW_PRODUCT_CONTAINER,INLINE_OVERLAY,1c,MarkpointUser (1c),/markpoint (overlay),'리워드샵' button in MarkpointUser header - LIVE,frontend/src/platform/markpoint/MarkpointUser.tsx (overlay state),MongleAppShell,"CANONICAL_SINGLE_SOURCE_CONFIRMED (Screen extracted to screens/markpoint/**, both container and detached preview import it)",N/A (no prior product view existed for this specific action),PARTIAL (real current_balance flows through; reward catalog uses canonical fixture - no reward-catalog API exists),MUTATION_WIRING_PENDING (no reward-catalog/exchange API),PARENT_TRIGGER_ENTRY_VERIFIED,VERIFIED_3_VIEWPORTS_390x844_820x1180_1180x820,REGRESSION_PASS,PRODUCT_STRUCTURE_INTEGRATED,Extracted screens/markpoint/RewardShop/RewardShopScreen.tsx from inline RewardShopPreview.
37,2k,설정 전체 목록,FAMILY_CONTEXT,NONE (frontend/src/pages/profile/ was an empty scaffold),NONE,SettingsListPreview,CANONICAL_MAPPING_COMPLETE,CREATE_NEW_PRODUCT_CONTAINER,NESTED_ROUTE,1f,ProfilePage (1f),/profile,'전체 설정' button on profile home (1f) - LIVE,frontend/src/pages/profile/ProfilePage.tsx,MongleAppShell,CANONICAL_SINGLE_SOURCE_CONFIRMED,N/A (no prior product view existed),DATA_AND_BEHAVIOR_WIRING_PENDING,MUTATION_WIRING_PENDING (no profile/notification/language/theme/account-deletion API),PARENT_TRIGGER_ENTRY_VERIFIED,VERIFIED_3_VIEWPORTS_390x844_820x1180_1180x820,REGRESSION_PASS,PRODUCT_STRUCTURE_INTEGRATED,"Extracted screens/family/SettingsList/SettingsListScreen.tsx from inline SettingsListPreview. Added 4 nav entries (알림 세부설정/언어/테마/위젯) beyond the original mockup content, matching the Ownership Matrix's declared children of 2k (2n/3f/3g/3k) that had no reachable entry point in the original static list."
38,2l,미션 만들기 폼,ADMIN_DASHBOARD,frontend/src/pages/AdminDashboard/views/MissionView/components/NewMissionModal.tsx,real mission-create modal + API,MissionCreateFormPreview,CANONICAL_MAPPING_COMPLETE,KEEP_EXISTING_AS_CANONICAL,ALREADY_PRODUCT_BOUND,2e,MissionView (2e),/admin (nested),AdminDashboard Sidebar/MobileDrawer nav - LIVE (pre-existing),frontend/src/pages/AdminDashboard/views/MissionView/components/NewMissionModal.tsx,MongleAppShell > AdminLayout,NOT_UNIFIED_BY_DESIGN (real admin view is the product-facing implementation; canonical Screen remains the frozen W7.3 visual reference for the detached preview only - same reasoning as 1b/1c/1d),EXISTING_DATA_BEHAVIOR_PRESERVED (untouched),ALREADY_WIRED (real),ALREADY_WIRED (real),PARENT_TRIGGER_ENTRY_VERIFIED,VERIFIED_3_VIEWPORTS_390x844_820x1180_1180x820,REGRESSION_PASS,PRODUCT_STRUCTURE_INTEGRATED,"KEEP_EXISTING_AS_CANONICAL: real AdminDashboard component (frontend/src/pages/AdminDashboard/views/MissionView/components/NewMissionModal.tsx) already provides equivalent functionality independently of the W7.3 canonical mockup track, with real backend logic the mockup does not represent. Same no-reskin reasoning as 1b/1c/1d."
39,2m,미션 상세 폼,ADMIN_DASHBOARD,frontend/src/pages/AdminDashboard/views/MissionView/components/ActiveMissionDetailModal.tsx,"plausible real match, not exhaustively verified",MissionDetailFormPreview,CANONICAL_MAPPING_COMPLETE,ADAPT_EXISTING_LOGIC_TO_CANONICAL,MODAL_DIALOG,2e,DashboardView (2i),/admin (nested),"DashboardView (2i/1x) ""활성"" stat card -> ""활성 미션 상세 보기"" button (added this pass; component existed but was never imported/reachable before)",frontend/src/pages/AdminDashboard/views/MissionView/components/ActiveMissionDetailModal.tsx,MongleAppShell > AdminLayout,NOT_UNIFIED_BY_DESIGN (real admin view is the product-facing implementation; canonical Screen remains the frozen W7.3 visual reference for the detached preview only - same reasoning as 1b/1c/1d),EXISTING_DATA_BEHAVIOR_PRESERVED (untouched),ALREADY_WIRED (real),ALREADY_WIRED (real),PARENT_TRIGGER_ENTRY_VERIFIED,VERIFIED_3_VIEWPORTS_390x844_820x1180_1180x820,REGRESSION_PASS,PRODUCT_STRUCTURE_INTEGRATED,"RE-VERIFIED, correction: prior Matrix pass classified 2m KEEP_EXISTING_AS_CANONICAL pointing at ActiveMissionDetailModal.tsx, but live entry-test verification (Playwright, real admin login) found that component was never imported anywhere in the app -- orphaned dead code, not actually product-bound despite the earlier claim. Fixed by wiring a real ""활성 미션 상세 보기"" button into DashboardView.tsx (16-line additive change) that opens it with real missions/players/cycle data already in scope. Same discipline as the 2g/3j re-verifications: did not trust the prior classification, checked the actual code, found and fixed a genuine gap."
40,2n,알림 세부설정,FAMILY_CONTEXT,NONE (frontend/src/pages/profile/ was an empty scaffold),NONE,NotificationPreferencesPreview,CANONICAL_MAPPING_COMPLETE,CREATE_NEW_PRODUCT_CONTAINER,NESTED_ROUTE,2k,SettingsListScreen (2k),/profile,'알림 세부설정' row in settings list (2k) - LIVE,frontend/src/pages/profile/ProfilePage.tsx,MongleAppShell,CANONICAL_SINGLE_SOURCE_CONFIRMED,N/A (no prior product view existed),DATA_AND_BEHAVIOR_WIRING_PENDING,MUTATION_WIRING_PENDING (no profile/notification/language/theme/account-deletion API),PARENT_TRIGGER_ENTRY_VERIFIED,VERIFIED_3_VIEWPORTS_390x844_820x1180_1180x820,REGRESSION_PASS,PRODUCT_STRUCTURE_INTEGRATED,Screen already existed (screens/family/NotificationPreferences) from earlier W6/W7 work — this pass added the real product trigger and container wiring only.
41,2o,포인트 정책 편집,ADMIN_DASHBOARD,"frontend/src/pages/AdminDashboard/views/PointView/ (had deduction mgmt only, zero policy content)",NONE for policy specifically,PointPolicyEditorPreview,CANONICAL_MAPPING_COMPLETE,CREATE_NEW_PRODUCT_CONTAINER,MODAL_DIALOG,1e,PointView (1e),"/admin (nested, overlay)","""정책 편집"" button in PointView header - LIVE",frontend/src/pages/AdminDashboard/views/PointView/PointView.tsx (overlay state),MongleAppShell > AdminLayout,"CANONICAL_SINGLE_SOURCE_CONFIRMED (existing canonical Screen imported directly, unmodified)",N/A (no prior feature existed for this specific action),"DATA_AND_BEHAVIOR_WIRING_PENDING (canonical fixture, no policy API)",MUTATION_WIRING_PENDING (no backend API for this sub-feature),PARENT_TRIGGER_ENTRY_VERIFIED,VERIFIED_3_VIEWPORTS_390x844_820x1180_1180x820,REGRESSION_PASS,PRODUCT_STRUCTURE_INTEGRATED,"Confirmed real content gap (grep showed zero policy-related code in PointView). PointPolicyEditorScreen (existing canonical Screen, unmodified) wired as a real overlay via a new header button."
42,2p,초대 목록,FAMILY_CONTEXT,NO_EXISTING_PRODUCT_VIEW,NONE,InvitationListPreview,CANONICAL_MAPPING_CONFIRMED,ADAPT_EXISTING_LOGIC_TO_CANONICAL,PAGE_LOCAL_STATE,1q,frontend/src/features/family-members/FamilyMembersPage.tsx,/family/members,FamilyMembersScreen (1q) '+ 가족 구성원 초대' onInvite button,frontend/src/features/family-members/FamilyMembersPage.tsx,MongleAppShell,CANONICAL_SINGLE_SOURCE_CONFIRMED,NO_PRIOR_PRODUCT_BEHAVIOR_TO_PRESERVE,DATA_AND_BEHAVIOR_WIRING_PENDING,MUTATION_WIRING_PENDING,PARENT_TRIGGER_ENTRY_VERIFIED,VERIFIED_3_VIEWPORTS_390x844_820x1180_1180x820,REGRESSION_PASS,PRODUCT_STRUCTURE_INTEGRATED,Screen already existed (screens/family/InvitationList) from a prior pass. Added optional onBack prop (was missing) so the container can return to 1q; this is the only modification made to the existing Screen. onResend/onCancel are Screen-local; onCancel routes to 3i.
43,2q,가족 규칙 안내,FAMILY_CONTEXT,NO_EXISTING_PRODUCT_VIEW,NONE,FamilyRulesGuidePreview,CANONICAL_MAPPING_CONFIRMED,ADAPT_EXISTING_LOGIC_TO_CANONICAL,PAGE_LOCAL_STATE,1v,frontend/src/features/family-rules/FamilyRulesPage.tsx,/family/rules,"FamilyRulesScreen (1v) container ""가족 규칙 안내 보기"" button",frontend/src/features/family-rules/FamilyRulesPage.tsx,MongleAppShell,CANONICAL_SINGLE_SOURCE_CONFIRMED,NO_PRIOR_PRODUCT_BEHAVIOR_TO_PRESERVE,DATA_AND_BEHAVIOR_WIRING_PENDING,NO_MUTATION_IN_SCOPE,PARENT_TRIGGER_ENTRY_VERIFIED,VERIFIED_3_VIEWPORTS_390x844_820x1180_1180x820,REGRESSION_PASS,PRODUCT_STRUCTURE_INTEGRATED,"Screen already existed (screens/family/FamilyRulesGuide) from a prior pass, unmodified. onConfirm/onBack both return to 1v locally; purely an informational guide screen."
44,2r,가족 활동 로그,FAMILY_CONTEXT,NO_EXISTING_PRODUCT_VIEW,NONE,FamilyActivityLogPreview,CANONICAL_MAPPING_CONFIRMED,ADAPT_EXISTING_LOGIC_TO_CANONICAL,PAGE_LOCAL_STATE,1q,frontend/src/features/family-members/FamilyMembersPage.tsx,/family/members,FamilyMembersScreen (1q) onSelectMember (per-member row click),frontend/src/features/family-members/FamilyMembersPage.tsx,MongleAppShell,CANONICAL_SINGLE_SOURCE_CONFIRMED,NO_PRIOR_PRODUCT_BEHAVIOR_TO_PRESERVE,DATA_AND_BEHAVIOR_WIRING_PENDING,NO_MUTATION_IN_SCOPE,PARENT_TRIGGER_ENTRY_VERIFIED,VERIFIED_3_VIEWPORTS_390x844_820x1180_1180x820,REGRESSION_PASS,PRODUCT_STRUCTURE_INTEGRATED,"Screen already existed (screens/family/FamilyActivityLog) from a prior pass, unmodified. onFilter wired to real local useState in the container (genuine Screen-local UI state, not faked backend filtering)."
45,2s,PIN 최초 설정,AUTH_FLOW,NONE (new),NONE,PinInitialSetupPreview,CANONICAL_MAPPING_COMPLETE,CREATE_NEW_PRODUCT_CONTAINER,AUTH_FLOW_STEP,1r,OnboardingFlowPage (1r),/onboarding (step 2),"""다음"" button on OnboardingScreen (1r) - LIVE",frontend/src/features/family-onboarding/OnboardingFlowPage.tsx,MongleAppShell,"CANONICAL_SINGLE_SOURCE_CONFIRMED (Screen extracted/imported, both container and detached preview consume it)","N/A (frontend/src/features/family-onboarding/ was an empty scaffold, no prior product view existed)",DATA_AND_BEHAVIOR_WIRING_PENDING (real local digit-count state via onKeyPress; no PIN-save API),MUTATION_WIRING_PENDING (no family-create/PIN-save API exists),PARENT_TRIGGER_ENTRY_VERIFIED,VERIFIED_3_VIEWPORTS_390x844_820x1180_1180x820,REGRESSION_PASS,PRODUCT_STRUCTURE_INTEGRATED,"PinInitialSetupScreen (existing canonical Screen, unmodified) wired as step 2 of OnboardingFlowPage with real local digit-accumulation state; advances to /family on 4th digit (no backend save)."
46,2t,관리자 알림 발송,ADMIN_DASHBOARD,frontend/src/pages/AdminDashboard/views/NotificationView/ (inbox only: view/filter/mark-read),NONE for send/compose specifically,AdminNotificationSendPreview,CANONICAL_MAPPING_COMPLETE,CREATE_NEW_PRODUCT_CONTAINER,MODAL_DIALOG,,NotificationView,"/admin (nested, overlay)","""알림 발송"" button in NotificationView header - LIVE",frontend/src/pages/AdminDashboard/views/NotificationView/NotificationView.tsx (overlay state),MongleAppShell > AdminLayout,"CANONICAL_SINGLE_SOURCE_CONFIRMED (existing canonical Screen imported directly, unmodified)",N/A (no prior feature existed for this specific action),"DATA_AND_BEHAVIOR_WIRING_PENDING (canonical fixture, no send API)",MUTATION_WIRING_PENDING (no backend API for this sub-feature),PARENT_TRIGGER_ENTRY_VERIFIED,VERIFIED_3_VIEWPORTS_390x844_820x1180_1180x820,REGRESSION_PASS,PRODUCT_STRUCTURE_INTEGRATED,"Confirmed real content gap: existing view purpose (read inbox) differs from canonical 2t purpose (compose+send) — not just a missing route. AdminNotificationSendScreen (existing canonical Screen, unmodified) wired as a real overlay via a new header button."
47,2u,일정 상세,FAMILY_CONTEXT,NONE (empty scaffold),NONE,ScheduleDetailPreview,CANONICAL_MAPPING_COMPLETE,CREATE_NEW_PRODUCT_CONTAINER,INLINE_OVERLAY,1g,FamilyScheduleScreen (1g),/family/schedule (overlay),Selecting an event in FamilyScheduleScreen (1g) - LIVE,frontend/src/features/family-schedule/FamilySchedulePage.tsx (view state),MongleAppShell,CANONICAL_SINGLE_SOURCE_CONFIRMED,N/A (no prior product view existed),PARTIAL (real event title flows through selected event),MUTATION_WIRING_PENDING (no schedule/album/todo API),PARENT_TRIGGER_ENTRY_VERIFIED,VERIFIED_3_VIEWPORTS_390x844_820x1180_1180x820,REGRESSION_PASS,PRODUCT_STRUCTURE_INTEGRATED,Screen already existed (screens/family/ScheduleDetail) - this pass added the real trigger and container wiring only.
48,2v,앨범 업로드 진행,FAMILY_CONTEXT,NONE (empty scaffold),NONE,AlbumUploadProgressPreview,CANONICAL_MAPPING_COMPLETE,CREATE_NEW_PRODUCT_CONTAINER,MODAL_DIALOG,1h,FamilyAlbumScreen (1h),/family/album (overlay),'+ 사진 올리기' button in FamilyAlbumScreen (1h) - LIVE,frontend/src/features/family-album/FamilyAlbumPage.tsx (view state),MongleAppShell,CANONICAL_SINGLE_SOURCE_CONFIRMED,N/A (no prior product view existed),DATA_AND_BEHAVIOR_WIRING_PENDING,MUTATION_WIRING_PENDING (no schedule/album/todo API),PARENT_TRIGGER_ENTRY_VERIFIED,VERIFIED_3_VIEWPORTS_390x844_820x1180_1180x820,REGRESSION_PASS,PRODUCT_STRUCTURE_INTEGRATED,Screen already existed (screens/family/AlbumUploadProgress) - this pass added the real trigger and container wiring only.
49,2w,가족 초대 수락,FAMILY_CONTEXT,NONE (new),NONE,FamilyInviteAcceptancePreview,CANONICAL_MAPPING_COMPLETE,CREATE_NEW_PRODUCT_CONTAINER,PAGE_LOCAL_STATE,,OnboardingFlowPage (1r),/onboarding (alternate branch),"""이미 초대 코드가 있어요"" button on OnboardingScreen (1r) - LIVE",frontend/src/features/family-onboarding/OnboardingFlowPage.tsx,MongleAppShell,"CANONICAL_SINGLE_SOURCE_CONFIRMED (Screen extracted/imported, both container and detached preview consume it)","N/A (frontend/src/features/family-onboarding/ was an empty scaffold, no prior product view existed)",DATA_AND_BEHAVIOR_WIRING_PENDING (canonical fixture — no invite-code lookup API; a real deep-link entry (e.g. /onboarding?invite=CODE) is W7.5 scope),MUTATION_WIRING_PENDING (no family-create/PIN-save API exists),PARENT_TRIGGER_ENTRY_VERIFIED,VERIFIED_3_VIEWPORTS_390x844_820x1180_1180x820,REGRESSION_PASS,PRODUCT_STRUCTURE_INTEGRATED,"FamilyInviteAcceptanceScreen (existing canonical Screen, unmodified) wired as an alternate branch of OnboardingFlowPage, reached via the source mockup's own ""이미 초대 코드가 있어요"" secondary button. ROOT_OF per Ownership Matrix (not CHILD_OF 1r) but shares the same container/route since both are entry points into the same family-onboarding scaffold."
50,2x,미션 통계 대시보드,ADMIN_DASHBOARD,frontend/src/pages/AdminDashboard/views/DashboardView/,"MissionRanking/WeeklyActivityChart components, real API",MissionStatisticsDashboardPreview,CANONICAL_MAPPING_COMPLETE,KEEP_EXISTING_AS_CANONICAL,ALREADY_PRODUCT_BOUND,2i,DashboardView (2i),/admin (nested),AdminDashboard Sidebar/MobileDrawer nav - LIVE (pre-existing),frontend/src/pages/AdminDashboard/views/DashboardView/,MongleAppShell > AdminLayout,NOT_UNIFIED_BY_DESIGN (real admin view is the product-facing implementation; canonical Screen remains the frozen W7.3 visual reference for the detached preview only - same reasoning as 1b/1c/1d),EXISTING_DATA_BEHAVIOR_PRESERVED (untouched),ALREADY_WIRED (real),ALREADY_WIRED (real),DIRECT_PRODUCT_ENTRY_VERIFIED,VERIFIED_3_VIEWPORTS_390x844_820x1180_1180x820,REGRESSION_PASS,PRODUCT_STRUCTURE_INTEGRATED,"KEEP_EXISTING_AS_CANONICAL: real AdminDashboard component (frontend/src/pages/AdminDashboard/views/DashboardView/) already provides equivalent functionality independently of the W7.3 canonical mockup track, with real backend logic the mockup does not represent. Same no-reskin reasoning as 1b/1c/1d."
51,2y,앨범 공유설정,FAMILY_CONTEXT,NONE (empty scaffold),NONE,AlbumShareSettingsPreview,CANONICAL_MAPPING_COMPLETE,CREATE_NEW_PRODUCT_CONTAINER,NESTED_ROUTE,1h,FamilyAlbumScreen (1h),/family/album (overlay),Selecting an album in FamilyAlbumScreen (1h) - LIVE,frontend/src/features/family-album/FamilyAlbumPage.tsx (view state),MongleAppShell,CANONICAL_SINGLE_SOURCE_CONFIRMED,N/A (no prior product view existed),DATA_AND_BEHAVIOR_WIRING_PENDING,MUTATION_WIRING_PENDING (no schedule/album/todo API),PARENT_TRIGGER_ENTRY_VERIFIED,VERIFIED_3_VIEWPORTS_390x844_820x1180_1180x820,REGRESSION_PASS,PRODUCT_STRUCTURE_INTEGRATED,Screen already existed (screens/family/AlbumShareSettings) - this pass added the real trigger and container wiring only.
52,2z,프로필 편집,FAMILY_CONTEXT,NONE (frontend/src/pages/profile/ was an empty scaffold),NONE,ProfileEditPreview,CANONICAL_MAPPING_COMPLETE,CREATE_NEW_PRODUCT_CONTAINER,NESTED_ROUTE,1f,ProfilePage (1f),/profile,'프로필 수정' button on profile home (1f) or settings (2k) - LIVE,frontend/src/pages/profile/ProfilePage.tsx,MongleAppShell,CANONICAL_SINGLE_SOURCE_CONFIRMED,N/A (no prior product view existed),DATA_AND_BEHAVIOR_WIRING_PENDING,MUTATION_WIRING_PENDING (no profile/notification/language/theme/account-deletion API),PARENT_TRIGGER_ENTRY_VERIFIED,VERIFIED_3_VIEWPORTS_390x844_820x1180_1180x820,REGRESSION_PASS,PRODUCT_STRUCTURE_INTEGRATED,Screen already existed (screens/family/ProfileEdit) — this pass added the real product trigger and container wiring only.
53,3a,가족 캘린더 공유,FAMILY_CONTEXT,NONE (empty scaffold),NONE,CalendarSharePreview,CANONICAL_MAPPING_COMPLETE,CREATE_NEW_PRODUCT_CONTAINER,MODAL_DIALOG,1g,FamilyScheduleScreen (1g),/family/schedule (overlay),'캘린더 공유' button on FamilyScheduleScreen (1g) - LIVE,frontend/src/features/family-schedule/FamilySchedulePage.tsx (view state),MongleAppShell,CANONICAL_SINGLE_SOURCE_CONFIRMED,N/A (no prior product view existed),DATA_AND_BEHAVIOR_WIRING_PENDING,MUTATION_WIRING_PENDING (no schedule/album/todo API),PARENT_TRIGGER_ENTRY_VERIFIED,VERIFIED_3_VIEWPORTS_390x844_820x1180_1180x820,REGRESSION_PASS,PRODUCT_STRUCTURE_INTEGRATED,Screen already existed (screens/family/CalendarShare) - this pass added the real trigger and container wiring only.
54,3b,미션 통계 필터,ADMIN_DASHBOARD,"frontend/src/pages/AdminDashboard/views/DashboardView/ (MissionRanking/WeeklyActivityChart exist, no filter control)",NONE for filtering specifically,MissionStatisticsFilterPreview,CANONICAL_MAPPING_COMPLETE,CREATE_NEW_PRODUCT_CONTAINER,MODAL_DIALOG,2x,DashboardView (2i/2x),"/admin (nested, overlay)","""통계 필터"" button above MissionRanking in DashboardView - LIVE",frontend/src/pages/AdminDashboard/views/DashboardView/DashboardView.tsx (overlay state),MongleAppShell > AdminLayout,"CANONICAL_SINGLE_SOURCE_CONFIRMED (existing canonical Screen imported directly, unmodified)",N/A (no prior feature existed for this specific action),"DATA_AND_BEHAVIOR_WIRING_PENDING (onApply is a structural placeholder, not real filtering)",MUTATION_WIRING_PENDING (no backend API for this sub-feature),PARENT_TRIGGER_ENTRY_VERIFIED,VERIFIED_3_VIEWPORTS_390x844_820x1180_1180x820,REGRESSION_PASS,PRODUCT_STRUCTURE_INTEGRATED,"MissionStatisticsFilterScreen (existing canonical Screen, unmodified) wired as a real overlay via a new button above the ranking section."
55,3c,가족 게시판,WAGLE,NONE (new),NONE,FamilyBoardPreview,CANONICAL_MAPPING_COMPLETE,CREATE_NEW_PRODUCT_CONTAINER,NESTED_ROUTE,,WagleRoomView (1d),/wagle/board,"""가족 게시판"" link in WagleRoomView room-list header - LIVE",frontend/src/platform/wagle/board/WagleBoardPage.tsx,MongleAppShell,"CANONICAL_SINGLE_SOURCE_CONFIRMED (Screen extracted to screens/wagle/**, both product container and detached preview import it)",N/A (no prior product view existed),"DATA_AND_BEHAVIOR_WIRING_PENDING (canonical fixture - no board API exists; TRUE_FUNCTIONAL_GAP for data, structure only this pass)",MUTATION_WIRING_PENDING (no backend API for this sub-feature yet),PARENT_TRIGGER_ENTRY_VERIFIED,VERIFIED_3_VIEWPORTS_390x844_820x1180_1180x820,REGRESSION_PASS,PRODUCT_STRUCTURE_INTEGRATED,"New route /wagle/board registered, new WagleBoardPage container renders FamilyBoardScreen (existing canonical Screen, unmodified except adding an onSelectPost callback prop). ""new post"" has no canonical target in the 64-screen scope and is left unwired (disclosed, not silently faked)."
56,3d,댓글 작성,WAGLE,NONE (new),NONE,CommentComposerPreview,CANONICAL_MAPPING_COMPLETE,CREATE_NEW_PRODUCT_CONTAINER,MODAL_DIALOG,3c,WagleBoardPage (3c),/wagle/board (overlay),Clicking a post in WagleBoardPage (onSelectPost) - LIVE,frontend/src/platform/wagle/board/WagleBoardPage.tsx (overlay state),MongleAppShell,"CANONICAL_SINGLE_SOURCE_CONFIRMED (Screen extracted to screens/wagle/**, both product container and detached preview import it)",N/A (no prior product view existed),"DATA_AND_BEHAVIOR_WIRING_PENDING (canonical fixture, no board/comment API)",MUTATION_WIRING_PENDING (no backend API for this sub-feature yet),PARENT_TRIGGER_ENTRY_VERIFIED,VERIFIED_3_VIEWPORTS_390x844_820x1180_1180x820,REGRESSION_PASS,PRODUCT_STRUCTURE_INTEGRATED,"CommentComposerScreen (existing canonical Screen, unmodified) rendered as a real overlay triggered by selecting a post."
57,3e,인기 게시글,WAGLE,NONE (new),NONE,PopularPostsPreview,CANONICAL_MAPPING_COMPLETE,CREATE_NEW_PRODUCT_CONTAINER,INLINE_OVERLAY,3c,WagleBoardPage (3c),/wagle/board (overlay),"""popular posts"" button in WagleBoardPage - LIVE",frontend/src/platform/wagle/board/WagleBoardPage.tsx (overlay state),MongleAppShell,"CANONICAL_SINGLE_SOURCE_CONFIRMED (Screen extracted to screens/wagle/**, both product container and detached preview import it)",N/A (no prior product view existed),"DATA_AND_BEHAVIOR_WIRING_PENDING (canonical fixture, no ranking API)",MUTATION_WIRING_PENDING (no backend API for this sub-feature yet),PARENT_TRIGGER_ENTRY_VERIFIED,VERIFIED_3_VIEWPORTS_390x844_820x1180_1180x820,REGRESSION_PASS,PRODUCT_STRUCTURE_INTEGRATED,"PopularPostsScreen (existing canonical Screen, unmodified) rendered as a real overlay triggered by a real button."
58,3f,언어 설정,FAMILY_CONTEXT,NONE (frontend/src/pages/profile/ was an empty scaffold),NONE,LanguageSettingsPreview,CANONICAL_MAPPING_COMPLETE,CREATE_NEW_PRODUCT_CONTAINER,NESTED_ROUTE,2k,SettingsListScreen (2k),/profile,'언어' row in settings list (2k) - LIVE,frontend/src/pages/profile/ProfilePage.tsx,MongleAppShell,CANONICAL_SINGLE_SOURCE_CONFIRMED,N/A (no prior product view existed),DATA_AND_BEHAVIOR_WIRING_PENDING,MUTATION_WIRING_PENDING (no profile/notification/language/theme/account-deletion API),PARENT_TRIGGER_ENTRY_VERIFIED,VERIFIED_3_VIEWPORTS_390x844_820x1180_1180x820,REGRESSION_PASS,PRODUCT_STRUCTURE_INTEGRATED,Screen already existed (screens/family/LanguageSettings) — this pass added the real product trigger and container wiring only.
59,3g,화면 테마 설정,FAMILY_CONTEXT,NONE (frontend/src/pages/profile/ was an empty scaffold),NONE,ThemeSettingsPreview,CANONICAL_MAPPING_COMPLETE,CREATE_NEW_PRODUCT_CONTAINER,NESTED_ROUTE,2k,SettingsListScreen (2k),/profile,'화면 테마' row in settings list (2k) - LIVE,frontend/src/pages/profile/ProfilePage.tsx,MongleAppShell,CANONICAL_SINGLE_SOURCE_CONFIRMED,N/A (no prior product view existed),DATA_AND_BEHAVIOR_WIRING_PENDING,MUTATION_WIRING_PENDING (no profile/notification/language/theme/account-deletion API),PARENT_TRIGGER_ENTRY_VERIFIED,VERIFIED_3_VIEWPORTS_390x844_820x1180_1180x820,REGRESSION_PASS,PRODUCT_STRUCTURE_INTEGRATED,Screen already existed (screens/family/ThemeSettings) — this pass added the real product trigger and container wiring only.
60,3h,계정 탈퇴 확인,FAMILY_CONTEXT,NONE (frontend/src/pages/profile/ was an empty scaffold),NONE,AccountDeletionConfirmPreview,CANONICAL_MAPPING_COMPLETE,CREATE_NEW_PRODUCT_CONTAINER,NESTED_ROUTE,2k,SettingsListScreen (2k),/profile,'계정 탈퇴' row in settings list (2k) - LIVE,frontend/src/pages/profile/ProfilePage.tsx,MongleAppShell,CANONICAL_SINGLE_SOURCE_CONFIRMED,N/A (no prior product view existed),"TRUE_FUNCTIONAL_GAP (confirmed via repo-wide grep before wiring: no account-deletion policy/API/code exists anywhere in the product — matches the Ownership Matrix EVIDENCE note ""Destructive account policy absent"")","MUTATION_WIRING_PENDING (onConfirm closes the view locally only — no destructive action is faked, per the explicit instruction not to simulate fake delete/save success for destructive actions)",PARENT_TRIGGER_ENTRY_VERIFIED,VERIFIED_3_VIEWPORTS_390x844_820x1180_1180x820,REGRESSION_PASS,PRODUCT_STRUCTURE_INTEGRATED,"Screen already existed (screens/family/AccountDeletionConfirm) — this pass added the real trigger and structural container wiring only, per the W7.4 TRUE_FUNCTIONAL_GAP allowance (""구조적 Container와 entry까지만 만든다""). No PM decision was invented; the underlying policy gap is unchanged from Ownership Matrix disclosure."
61,3i,가족 초대 취소,FAMILY_CONTEXT,NO_EXISTING_PRODUCT_VIEW,NONE,FamilyInviteCancelPreview,CANONICAL_MAPPING_CONFIRMED,ADAPT_EXISTING_LOGIC_TO_CANONICAL,PAGE_LOCAL_STATE,2p,frontend/src/features/family-members/FamilyMembersPage.tsx,/family/members,"InvitationListScreen (2p) onCancel action, per invitation row",frontend/src/features/family-members/FamilyMembersPage.tsx,MongleAppShell,CANONICAL_SINGLE_SOURCE_CONFIRMED,NO_PRIOR_PRODUCT_BEHAVIOR_TO_PRESERVE,DATA_AND_BEHAVIOR_WIRING_PENDING,MUTATION_WIRING_PENDING,PARENT_TRIGGER_ENTRY_VERIFIED,VERIFIED_3_VIEWPORTS_390x844_820x1180_1180x820,REGRESSION_PASS,PRODUCT_STRUCTURE_INTEGRATED,"Screen already existed (screens/family/FamilyInviteCancel) from a prior pass, unmodified. onConfirm returns to 2p locally; no backend cancel-invite call exists yet."
62,3j,검색 전체,FAMILY_CONTEXT,NO_EXISTING_PRODUCT_VIEW,NONE,SearchAllPreview,CANONICAL_MAPPING_CONFIRMED,ADAPT_EXISTING_LOGIC_TO_CANONICAL,ROUTE_PAGE,1b,frontend/src/platform/pages/FamilyLanding.tsx,/family/search,frontend/src/platform/pages/FamilyLanding.tsx data-testid='feature-search' Link to /family/search,frontend/src/features/family-search/FamilySearchPage.tsx,MongleAppShell,CANONICAL_SINGLE_SOURCE_CONFIRMED,NO_PRIOR_PRODUCT_BEHAVIOR_TO_PRESERVE,DATA_AND_BEHAVIOR_WIRING_PENDING,NO_MUTATION_IN_SCOPE,DIRECT_PRODUCT_ENTRY_VERIFIED,VERIFIED_3_VIEWPORTS_390x844_820x1180_1180x820,REGRESSION_PASS,PRODUCT_STRUCTURE_INTEGRATED,"RE-VERIFIED, PM_DECISION_REQUIRED overturned: prior Matrix pass flagged ""No product search ownership contract"" but a canonical Screen (screens/family/SearchAll) and a /family/search trigger link (FamilyLanding feature-search) already existed. grep -rln ""검색|search"" frontend/src --include=*.ts --include=*.tsx | grep -v Preview | grep -v screens/ returned only react-router useSearchParams usages and FamilyAlbumPage (album-scoped search, canonical 1u, separately integrated) -- no conflicting ownership. onFilter wired to real local useState; query itself is fixture-static pending a real search API (DATA_AND_BEHAVIOR_WIRING_PENDING)."
63,3k,위젯 갤러리,FAMILY_CONTEXT,NONE (frontend/src/pages/profile/ was an empty scaffold),NONE,WidgetGalleryPreview,CANONICAL_MAPPING_COMPLETE,CREATE_NEW_PRODUCT_CONTAINER,NESTED_ROUTE,2k,SettingsListScreen (2k),/profile,'위젯 관리' row in settings list (2k) - LIVE,frontend/src/pages/profile/ProfilePage.tsx,MongleAppShell,CANONICAL_SINGLE_SOURCE_CONFIRMED,N/A (no prior product view existed),DATA_AND_BEHAVIOR_WIRING_PENDING,MUTATION_WIRING_PENDING (no profile/notification/language/theme/account-deletion API),PARENT_TRIGGER_ENTRY_VERIFIED,VERIFIED_3_VIEWPORTS_390x844_820x1180_1180x820,REGRESSION_PASS,PRODUCT_STRUCTURE_INTEGRATED,Screen already existed (screens/family/WidgetGallery) — this pass added the real product trigger and container wiring only.
64,3l,바로가기 편집,FAMILY_CONTEXT,NONE (frontend/src/pages/profile/ was an empty scaffold),NONE,ShortcutEditorPreview,CANONICAL_MAPPING_COMPLETE,CREATE_NEW_PRODUCT_CONTAINER,NESTED_ROUTE,3k,WidgetGalleryScreen (3k),/profile,'바로가기 편집' button on the widget gallery overlay (3k) - LIVE,frontend/src/pages/profile/ProfilePage.tsx,MongleAppShell,CANONICAL_SINGLE_SOURCE_CONFIRMED,N/A (no prior product view existed),DATA_AND_BEHAVIOR_WIRING_PENDING,MUTATION_WIRING_PENDING (no profile/notification/language/theme/account-deletion API),PARENT_TRIGGER_ENTRY_VERIFIED,VERIFIED_3_VIEWPORTS_390x844_820x1180_1180x820,REGRESSION_PASS,PRODUCT_STRUCTURE_INTEGRATED,Screen already existed (screens/family/ShortcutEditor) — this pass added the real product trigger and container wiring only.
