SOURCE_ORDER,CANONICAL_ID,INTERNAL_DISAMBIGUATED_ID,SCREEN_LABEL,DOMAIN,OWNER_AGGREGATE,PRIMARY_ROLE,SECONDARY_ROLE,PARENT_OWNER,PARENT_SCREEN_ID,PARENT_SCREEN_LABEL,RELATION_TYPE,ROUTE_REQUIREMENT,CURRENT_REACT_SOURCE,CURRENT_PREVIEW_ROUTE,CURRENT_PRODUCT_ROUTE,PREVIEW_PRODUCT_RELATION,INTEGRATION_ACTION,FINAL_INTEGRATION_TARGET,TARGET_PATH_CONFIDENCE,RESPONSIVE_FAMILY,SHARED_DISPOSITION,API_DOMAIN,API_READINESS_REFERENCE,PM_DECISION_REQUIRED,EVIDENCE,NOTES,W7_2_PORT_READY
1,1a,1a-profile-selector,로그인,ACCOUNT_AUTH,AUTH_FLOW,STATE_VARIANT,,AuthPage,ROOT,/,CHILD_OF,EXISTING_ROUTE,,,/,PRODUCT_IMPLEMENTATION_ALREADY_EXISTS,MERGE_CANONICAL_INTO_EXISTING_VIEW,frontend/src/pages/Auth/,TARGET_OWNER_CONFIRMED,MOBILE_TABLET_PORTRAIT_LANDSCAPE,OWNER_LOCAL,ACCOUNT_AUTH,API_READY,YES,AuthPage PlayerSelectView,1a versus 1a-1 visual/product relationship needs PM confirmation,YES
2,1a-1,1a-1-password-login,로그인 폼,ACCOUNT_AUTH,AUTH_FLOW,ROUTE_PAGE,,STANDALONE_PUBLIC,NONE,NONE,NO_PARENT,EXISTING_ROUTE,frontend/src/pages/A1AccountLogin/index.tsx,,/login,PREVIEW_AND_PRODUCT_DUPLICATED,KEEP_EXISTING_PRODUCT_IMPLEMENTATION,frontend/src/pages/A1AccountLogin/,EXACT_PATH_CONFIRMED,MOBILE_TABLET_PORTRAIT_LANDSCAPE,OWNER_LOCAL,ACCOUNT_AUTH,API_READY,YES,App /login and marker,Keep distinct from player selector pending PM flow decision,NOT_APPLICABLE
3,1b,1b-family-home,홈,HOME,FAMILY_CONTEXT,ROUTE_PAGE,,FAMILY_CONTEXT,NONE,NONE,ROOT_OF,EXISTING_ROUTE,frontend/src/pages/FamilyHomePreview/index.tsx,/__wave6/1b,/family,PREVIEW_REFERENCE_ONLY,MERGE_CANONICAL_INTO_EXISTING_ROUTE,frontend/src/platform/pages/FamilyLanding.tsx,EXACT_PATH_CONFIRMED,MOBILE_TABLET_PORTRAIT_LANDSCAPE,SHARED_CANDIDATE_AFTER_RESPONSIVE,FAMILY,API_PARTIAL,NO,App shell nav and FamilyLanding,Existing family route is product owner,NOT_APPLICABLE
4,1c,1c-point-festival,포인트 잔치,POINT,USER_DASHBOARD,ROUTE_PAGE,,USER_DASHBOARD,NONE,NONE,ROOT_OF,EXISTING_ROUTE,frontend/src/pages/PointFestivalPreview/index.tsx,/__wave6/1c,/markpoint,PREVIEW_REFERENCE_ONLY,MERGE_CANONICAL_INTO_EXISTING_ROUTE,frontend/src/platform/markpoint/MarkpointUser.tsx,EXACT_PATH_CONFIRMED,MOBILE_TABLET_PORTRAIT_LANDSCAPE,SHARED_CANDIDATE_AFTER_RESPONSIVE,MARKPOINT,API_PARTIAL,NO,Shell target navigation,Do not use legacy UserDashboard as final owner,NOT_APPLICABLE
5,1d,1d-family-chat,대화,CONVERSATION_WAGLE,WAGLE,ROUTE_PAGE,,WAGLE,NONE,NONE,ROOT_OF,EXISTING_ROUTE,frontend/src/pages/FamilyChatPreview/index.tsx,/__wave6/1d,/wagle,PREVIEW_REFERENCE_ONLY,MERGE_CANONICAL_INTO_EXISTING_ROUTE,frontend/src/platform/pages/WagleLanding.tsx,EXACT_PATH_CONFIRMED,MOBILE_TABLET_PORTRAIT_LANDSCAPE,SHARED_CANDIDATE_AFTER_RESPONSIVE,WAGLE,API_PARTIAL,NO,Shell and WagleLanding,Room view remains child composition,NOT_APPLICABLE
6,1e,1e-admin-point,관리자 포인트 관리,ADMIN_POINT,ADMIN_DASHBOARD,NESTED_ROUTE,,ADMIN_DASHBOARD,NONE,NONE,CHILD_OF,EXISTING_NESTED_ROUTE,frontend/src/pages/AdminPointManagementPreview/index.tsx,/__wave6/1e,/admin/points,PREVIEW_REFERENCE_ONLY,REPLACE_EXISTING_VIEW_VISUALS,frontend/src/pages/AdminDashboard/views/PointView/,EXACT_PATH_CONFIRMED,DESKTOP_PRIMARY,KEEP_PAGE_LOCAL,MARKPOINT,API_READY,NO,AdminDashboard route registry,,NOT_APPLICABLE
7,1f,1f-my-profile,나 프로필,PROFILE,FAMILY_CONTEXT,ROUTE_PAGE,,FAMILY_CONTEXT,NONE,NONE,ROOT_OF,NEW_ROUTE_REQUIRED,frontend/src/pages/MyProfilePreview/index.tsx,/__wave6/1f,,PREVIEW_REFERENCE_ONLY,CREATE_NEW_ROUTE_SCREEN,frontend/src/pages/profile/,TARGET_DIRECTORY_CANDIDATE,MOBILE_TABLET_PORTRAIT_LANDSCAPE,OWNER_LOCAL,ACCOUNT_AUTH,API_PARTIAL,YES,No existing profile destination,Final URL policy requires PM decision,NOT_APPLICABLE
8,1g,1g-family-schedule,가족 일정,SCHEDULE,FAMILY_CONTEXT,ROUTE_PAGE,,FAMILY_CONTEXT,1b,홈,CHILD_OF,NEW_ROUTE_REQUIRED,frontend/src/pages/FamilySchedulePreview/index.tsx,/__wave6/1g,,PREVIEW_REFERENCE_ONLY,CREATE_NEW_ROUTE_SCREEN,frontend/src/features/family-schedule/,TARGET_DIRECTORY_CANDIDATE,MOBILE_TABLET_PORTRAIT_LANDSCAPE,OWNER_LOCAL,FAMILY,API_MISSING,NO,Family domain source,,NOT_APPLICABLE
9,1h,1h-album,앨범,ALBUM_PHOTO,FAMILY_CONTEXT,ROUTE_PAGE,,FAMILY_CONTEXT,1b,홈,CHILD_OF,NEW_ROUTE_REQUIRED,frontend/src/pages/FamilyAlbumPreview/index.tsx,/__wave6/1h,,PREVIEW_REFERENCE_ONLY,CREATE_NEW_ROUTE_SCREEN,frontend/src/features/family-album/,TARGET_DIRECTORY_CANDIDATE,MOBILE_TABLET_PORTRAIT_LANDSCAPE,OWNER_LOCAL,FAMILY,API_MISSING,NO,Family domain source,,NOT_APPLICABLE
10,1i,1i-family-todo,할 일,TODO,FAMILY_CONTEXT,ROUTE_PAGE,,FAMILY_CONTEXT,1b,홈,CHILD_OF,NEW_ROUTE_REQUIRED,frontend/src/pages/FamilyTodoPreview/index.tsx,/__wave6/1i,,PREVIEW_REFERENCE_ONLY,CREATE_NEW_ROUTE_SCREEN,frontend/src/features/family-todo/,TARGET_DIRECTORY_CANDIDATE,MOBILE_TABLET_PORTRAIT_LANDSCAPE,OWNER_LOCAL,FAMILY,API_MISSING,NO,Family domain source,,NOT_APPLICABLE
11,1j,1j-pin-entry,PIN 입력,ACCOUNT_AUTH,AUTH_FLOW,STATE_VARIANT,,AuthPage,1a,로그인,CHILD_OF,EXISTING_ROUTE,frontend/src/pages/PinEntryPreview/index.tsx,/__wave6/1j,/,PREVIEW_AND_PRODUCT_DUPLICATED,REPLACE_EXISTING_VIEW_VISUALS,frontend/src/pages/Auth/components/PinInputView.tsx,EXACT_PATH_CONFIRMED,MOBILE_TABLET_PORTRAIT_LANDSCAPE,OWNER_LOCAL,ACCOUNT_AUTH,API_READY,NO,AuthPage mode pin,,NOT_APPLICABLE
12,1j-1,1j-lockout,계정 잠금,ACCOUNT_AUTH,AUTH_FLOW,STATE_VARIANT,,AuthPage,1j,PIN 입력,CHILD_OF,NO_ROUTE,frontend/src/pages/AccountLockPreview/index.tsx,/__wave6/1j-1,,PREVIEW_REFERENCE_ONLY,IMPLEMENT_AS_STATE_VARIANT,frontend/src/pages/Auth/,TARGET_OWNER_CONFIRMED,MOBILE_TABLET_PORTRAIT_LANDSCAPE,OWNER_LOCAL,ACCOUNT_AUTH,API_READY,NO,Auth flow state,,NOT_APPLICABLE
13,1k,1k-mission-detail,미션 상세,MISSION,USER_DASHBOARD,NESTED_ROUTE,,USER_DASHBOARD,1c,포인트 잔치,CHILD_OF,NEW_NESTED_ROUTE_REQUIRED,frontend/src/pages/MissionDetailPreview/index.tsx,/__wave6/1k,,PREVIEW_REFERENCE_ONLY,CREATE_NEW_NESTED_VIEW,frontend/src/platform/markpoint/MarkpointUser.tsx,TARGET_OWNER_CONFIRMED,MOBILE_TABLET_PORTRAIT_LANDSCAPE,KEEP_PAGE_LOCAL,MARKPOINT,API_PARTIAL,NO,Mission-specific detail,,NOT_APPLICABLE
14,1l,1l-reward-exchange,보상 교환,REWARD,USER_DASHBOARD,NESTED_ROUTE,,USER_DASHBOARD,1c,포인트 잔치,CHILD_OF,NEW_NESTED_ROUTE_REQUIRED,frontend/src/pages/RewardExchangePreview/index.tsx,/__wave6/1l,,PREVIEW_REFERENCE_ONLY,CREATE_NEW_NESTED_VIEW,frontend/src/platform/markpoint/MarkpointUser.tsx,TARGET_OWNER_CONFIRMED,MOBILE_TABLET_PORTRAIT_LANDSCAPE,KEEP_PAGE_LOCAL,MARKPOINT,API_PARTIAL,NO,Markpoint reward flow,,NOT_APPLICABLE
15,1m,1m-approval-queue,관리자 승인 대기함,ADMIN_MISSION,ADMIN_DASHBOARD,TAB_VIEW,,ADMIN_DASHBOARD,2e,미션 목록 관리,CHILD_OF,EXISTING_NESTED_ROUTE,frontend/src/pages/MissionApprovalPreview/index.tsx,/__wave6/1m,/admin/missions,PREVIEW_REFERENCE_ONLY,MERGE_CANONICAL_INTO_EXISTING_VIEW,frontend/src/pages/AdminDashboard/views/MissionView/,EXACT_PATH_CONFIRMED,DESKTOP_PRIMARY,KEEP_PAGE_LOCAL,MARKPOINT,API_READY,NO,MissionView existing approvals,,NOT_APPLICABLE
16,1n,1n-notification-list,알림 목록,NOTIFICATION,FAMILY_CONTEXT,ROUTE_PAGE,,FAMILY_CONTEXT,NONE,NONE,ROOT_OF,NEW_ROUTE_REQUIRED,frontend/src/pages/NotificationListPreview/index.tsx,/__wave6/1n,,PREVIEW_REFERENCE_ONLY,CREATE_NEW_ROUTE_SCREEN,frontend/src/features/notifications/,TARGET_DIRECTORY_CANDIDATE,MOBILE_TABLET_PORTRAIT_LANDSCAPE,KEEP_PAGE_LOCAL,FAMILY,API_PARTIAL,NO,No user notification route,,NOT_APPLICABLE
17,1o,1o-schedule-add,일정 추가,SCHEDULE,FAMILY_CONTEXT,MODAL_DIALOG,NESTED_ROUTE,FAMILY_CONTEXT,1g,가족 일정,OPENS,NO_ROUTE,frontend/src/pages/ScheduleAddPreview/index.tsx,/__wave6/1o,,PREVIEW_REFERENCE_ONLY,CREATE_MODAL_OR_DIALOG,frontend/src/features/family-schedule/,TARGET_DIRECTORY_CANDIDATE,MOBILE_TABLET_PORTRAIT_LANDSCAPE,SHARED_CANDIDATE_AFTER_WIRING,FAMILY,API_MISSING,NO,Add action from schedule,,NOT_APPLICABLE
18,1p,1p-photo-detail,사진 상세,ALBUM_PHOTO,FAMILY_CONTEXT,NESTED_ROUTE,,FAMILY_CONTEXT,1h,앨범,CHILD_OF,NEW_NESTED_ROUTE_REQUIRED,frontend/src/pages/PhotoDetailPreview/index.tsx,/__wave6/1p,,PREVIEW_REFERENCE_ONLY,CREATE_NEW_NESTED_VIEW,frontend/src/features/family-album/,TARGET_DIRECTORY_CANDIDATE,MOBILE_TABLET_PORTRAIT_LANDSCAPE,KEEP_PAGE_LOCAL,FAMILY,API_MISSING,NO,Shareable photo entity supports URL,,NOT_APPLICABLE
19,1q,1q-family-members,가족 구성원 관리,FAMILY_MEMBERSHIP,FAMILY_CONTEXT,ROUTE_PAGE,,FAMILY_CONTEXT,1b,홈,CHILD_OF,NEW_ROUTE_REQUIRED,frontend/src/pages/FamilyMembersPreview/index.tsx,/__wave6/1q,,PREVIEW_REFERENCE_ONLY,CREATE_NEW_ROUTE_SCREEN,frontend/src/features/family-members/,TARGET_DIRECTORY_CANDIDATE,MOBILE_TABLET_PORTRAIT_LANDSCAPE,OWNER_LOCAL,FAMILY,API_READY,NO,Family context and membership API,,NOT_APPLICABLE
20,1r,1r-onboarding,온보딩,ONBOARDING,FAMILY_CONTEXT,ROUTE_PAGE,,FAMILY_CONTEXT,NONE,NONE,ROOT_OF,NEW_ROUTE_REQUIRED,frontend/src/pages/OnboardingPreview/index.tsx,/__wave6/1r,,PREVIEW_REFERENCE_ONLY,CREATE_NEW_ROUTE_SCREEN,frontend/src/features/family-onboarding/,TARGET_DIRECTORY_CANDIDATE,MOBILE_TABLET_PORTRAIT_LANDSCAPE,OWNER_LOCAL,FAMILY,API_PARTIAL,YES,Onboarding needs product entry policy,,NOT_APPLICABLE
21,1s,1s-mission-reject,미션 반려,MISSION,USER_DASHBOARD,MODAL_DIALOG,,USER_DASHBOARD,1k,미션 상세,OPENS,NO_ROUTE,frontend/src/pages/MissionRejectPreview/index.tsx,/__wave6/1s,,PREVIEW_REFERENCE_ONLY,CREATE_MODAL_OR_DIALOG,frontend/src/platform/markpoint/MarkpointUser.tsx,TARGET_OWNER_CONFIRMED,MOBILE_TABLET_PORTRAIT_LANDSCAPE,KEEP_PAGE_LOCAL,MARKPOINT,API_PARTIAL,NO,Rejection outcome state,,NOT_APPLICABLE
22,1t,1t-chat-settings,채팅방 설정,CONVERSATION_WAGLE,WAGLE,NESTED_ROUTE,,WAGLE,1d,대화,CHILD_OF,NEW_NESTED_ROUTE_REQUIRED,frontend/src/pages/ChatSettingsPreview/index.tsx,/__wave6/1t,,PREVIEW_REFERENCE_ONLY,CREATE_NEW_NESTED_VIEW,frontend/src/platform/wagle/,TARGET_DIRECTORY_CANDIDATE,MOBILE_TABLET_PORTRAIT_LANDSCAPE,OWNER_LOCAL,WAGLE,API_PARTIAL,NO,Room-scoped settings,,NOT_APPLICABLE
23,1u,1u-pin-change,PIN 변경,ACCOUNT_AUTH,FAMILY_CONTEXT,NESTED_ROUTE,,FAMILY_CONTEXT,1f,나 프로필,CHILD_OF,NEW_NESTED_ROUTE_REQUIRED,frontend/src/pages/PinChangePreview/index.tsx,/__wave6/1u,,PREVIEW_REFERENCE_ONLY,CREATE_NEW_NESTED_VIEW,frontend/src/pages/profile/,TARGET_DIRECTORY_CANDIDATE,MOBILE_TABLET_PORTRAIT_LANDSCAPE,OWNER_LOCAL,ACCOUNT_AUTH,API_READY,NO,Account security setting,,NOT_APPLICABLE
24,1v,1v-family-rules,가족 규칙 설정,ADMIN_FAMILY,FAMILY_CONTEXT,ROUTE_PAGE,,FAMILY_CONTEXT,1q,가족 구성원 관리,CHILD_OF,NEW_ROUTE_REQUIRED,frontend/src/pages/FamilyRulesPreview/index.tsx,/__wave6/1v,,PREVIEW_REFERENCE_ONLY,CREATE_NEW_ROUTE_SCREEN,frontend/src/features/family-rules/,TARGET_DIRECTORY_CANDIDATE,DESKTOP_PRIMARY,OWNER_LOCAL,FAMILY,API_PARTIAL,NO,Family admin policy,,NOT_APPLICABLE
25,1w,1w-album-search,앨범 검색 결과,ALBUM_PHOTO,FAMILY_CONTEXT,STATE_VARIANT,,FAMILY_CONTEXT,1h,앨범,VARIANT_OF,NO_ROUTE,frontend/src/pages/AlbumSearchPreview/index.tsx,/__wave6/1w,,PREVIEW_REFERENCE_ONLY,IMPLEMENT_AS_STATE_VARIANT,frontend/src/features/family-album/,TARGET_DIRECTORY_CANDIDATE,MOBILE_TABLET_PORTRAIT_LANDSCAPE,KEEP_PAGE_LOCAL,FAMILY,API_MISSING,NO,Search mode within album,,NOT_APPLICABLE
26,1x,1x-weekly-report,자녀 주간 리포트,ADMIN_MISSION,ADMIN_DASHBOARD,NESTED_ROUTE,,ADMIN_DASHBOARD,2i,부모 대시보드,CHILD_OF,NEW_NESTED_ROUTE_REQUIRED,frontend/src/pages/WeeklyReportPreview/index.tsx,/__wave6/1x,,PREVIEW_REFERENCE_ONLY,CREATE_NEW_NESTED_VIEW,frontend/src/pages/AdminDashboard/views/DashboardView/,TARGET_OWNER_CONFIRMED,MOBILE_TABLET_PORTRAIT_LANDSCAPE,KEEP_PAGE_LOCAL,MARKPOINT,API_PARTIAL,NO,Child-specific report,,NOT_APPLICABLE
27,1y,1y-network-error,네트워크 오류,CROSS_DOMAIN,FAMILY_CONTEXT,STATE_VARIANT,,MongleAppShell,NONE,NONE,DEPENDENT_ON,NO_ROUTE,,,,PRODUCT_MAPPING_UNRESOLVED,IMPLEMENT_AS_STATE_VARIANT,frontend/src/platform/shell/MongleAppShell.tsx,EXACT_PATH_CONFIRMED,MOBILE_TABLET_PORTRAIT_LANDSCAPE,KEEP_PAGE_LOCAL,NOT_APPLICABLE,NOT_APPLICABLE,YES,Shell has backend_unavailable state,Proposed internal ID only,NOT_APPLICABLE
27,1y,1y-notification-empty,알림 없음,NOTIFICATION,FAMILY_CONTEXT,STATE_VARIANT,,FAMILY_CONTEXT,1n,알림 목록,VARIANT_OF,NO_ROUTE,,,,PRODUCT_MAPPING_UNRESOLVED,IMPLEMENT_AS_STATE_VARIANT,frontend/src/features/notifications/,TARGET_DIRECTORY_CANDIDATE,MOBILE_TABLET_PORTRAIT_LANDSCAPE,KEEP_PAGE_LOCAL,FAMILY,API_PARTIAL,YES,Source label context,Proposed internal ID only,NOT_APPLICABLE
27,1y,1y-search-empty,검색 결과 없음,ALBUM_PHOTO,FAMILY_CONTEXT,STATE_VARIANT,,FAMILY_CONTEXT,1w,앨범 검색 결과,VARIANT_OF,NO_ROUTE,,,,PRODUCT_MAPPING_UNRESOLVED,IMPLEMENT_AS_STATE_VARIANT,frontend/src/features/family-album/,TARGET_DIRECTORY_CANDIDATE,MOBILE_TABLET_PORTRAIT_LANDSCAPE,KEEP_PAGE_LOCAL,FAMILY,API_MISSING,YES,Source label context,Proposed internal ID only,NOT_APPLICABLE
34,1z,1z-admin-mission-modal,기본 모달 폼,ADMIN_MISSION,ADMIN_DASHBOARD,MODAL_DIALOG,,ADMIN_DASHBOARD,2e,미션 목록 관리,OPENS,NO_ROUTE,frontend/src/pages/BasicModalPreview/index.tsx,/__wave6/1z,/admin/missions,PREVIEW_REFERENCE_ONLY,CREATE_MODAL_OR_DIALOG,frontend/src/pages/AdminDashboard/views/MissionView/,EXACT_PATH_CONFIRMED,DESKTOP_PRIMARY,SHARED_CANDIDATE_AFTER_WIRING,MARKPOINT,API_READY,NO,Source says admin mission form,,NOT_APPLICABLE
35,2a,2a-user-detail,사용자 관리 상세,ADMIN_ACCOUNT,ADMIN_DASHBOARD,NESTED_ROUTE,,ADMIN_DASHBOARD,1q,가족 구성원 관리,CHILD_OF,EXISTING_NESTED_ROUTE,frontend/src/pages/UserManagementDetailPreview/index.tsx,/__wave6/2a,/admin/players,PREVIEW_REFERENCE_ONLY,MERGE_CANONICAL_INTO_EXISTING_VIEW,frontend/src/pages/AdminDashboard/views/PlayerView/,EXACT_PATH_CONFIRMED,DESKTOP_PRIMARY,KEEP_PAGE_LOCAL,FAMILY,API_READY,NO,PlayerView existing route,,NOT_APPLICABLE
36,2b,2b-chat-media,사진/파일 전체보기,CONVERSATION_WAGLE,WAGLE,PAGE_VIEW,,WAGLE,1d,대화,CHILD_OF,NO_ROUTE,frontend/src/pages/FileViewerPreview/index.tsx,/__wave6/2b,,PREVIEW_REFERENCE_ONLY,CREATE_NEW_NESTED_VIEW,frontend/src/platform/wagle/,TARGET_DIRECTORY_CANDIDATE,MOBILE_TABLET_PORTRAIT_LANDSCAPE,KEEP_PAGE_LOCAL,WAGLE,API_PARTIAL,NO,Room composition view,,NOT_APPLICABLE
37,2c,2c-level-up,레벨업 축하,POINT,USER_DASHBOARD,MODAL_DIALOG,,USER_DASHBOARD,1c,포인트 잔치,OPENS,NO_ROUTE,frontend/src/pages/LevelUpPreview/index.tsx,/__wave6/2c,,PREVIEW_REFERENCE_ONLY,CREATE_MODAL_OR_DIALOG,frontend/src/platform/markpoint/MarkpointUser.tsx,TARGET_OWNER_CONFIRMED,MOBILE_TABLET_PORTRAIT_LANDSCAPE,KEEP_PAGE_LOCAL,MARKPOINT,API_PARTIAL,NO,Outcome modal,,NOT_APPLICABLE
38,2d,2d-password-recovery,비밀번호 찾기,ACCOUNT_AUTH,AUTH_FLOW,NESTED_ROUTE,,AUTH_FLOW,1a-1,로그인 폼,CHILD_OF,ROUTE_DECISION_REQUIRED,,,,PRODUCT_MAPPING_UNRESOLVED,PM_DECISION_REQUIRED,frontend/src/pages/A1AccountLogin/,TARGET_OWNER_CONFIRMED,MOBILE_TABLET_PORTRAIT_LANDSCAPE,OWNER_LOCAL,ACCOUNT_AUTH,POLICY_REQUIRED,YES,Source flow and login page,Proposed internal ID only,NOT_APPLICABLE
38,2d,2d-email-verification,이메일 인증,ACCOUNT_AUTH,AUTH_FLOW,STATE_VARIANT,NESTED_ROUTE,AUTH_FLOW,2d-password-recovery,비밀번호 찾기,CHILD_OF,ROUTE_DECISION_REQUIRED,,,,PRODUCT_MAPPING_UNRESOLVED,PM_DECISION_REQUIRED,frontend/src/pages/A1AccountLogin/,TARGET_OWNER_CONFIRMED,MOBILE_TABLET_PORTRAIT_LANDSCAPE,OWNER_LOCAL,ACCOUNT_AUTH,POLICY_REQUIRED,YES,Source flow and login page,Proposed internal ID only,NOT_APPLICABLE
39,2e,2e-mission-management,미션 목록 관리,ADMIN_MISSION,ADMIN_DASHBOARD,NESTED_ROUTE,,ADMIN_DASHBOARD,NONE,NONE,ROOT_OF,EXISTING_NESTED_ROUTE,frontend/src/pages/MissionManagementPreview/index.tsx,/__wave6/2e,/admin/missions,PREVIEW_REFERENCE_ONLY,REPLACE_EXISTING_VIEW_VISUALS,frontend/src/pages/AdminDashboard/views/MissionView/,EXACT_PATH_CONFIRMED,DESKTOP_PRIMARY,KEEP_PAGE_LOCAL,MARKPOINT,API_READY,NO,Admin route registry,,NOT_APPLICABLE
40,2f,2f-child-invite-approval,자녀 초대 승인,FAMILY_MEMBERSHIP,FAMILY_CONTEXT,MODAL_DIALOG,,FAMILY_CONTEXT,1q,가족 구성원 관리,OPENS,NO_ROUTE,frontend/src/pages/ChildInvitePreview/index.tsx,/__wave6/2f,,PREVIEW_REFERENCE_ONLY,CREATE_MODAL_OR_DIALOG,frontend/src/features/family-members/,TARGET_DIRECTORY_CANDIDATE,MOBILE_TABLET_PORTRAIT_LANDSCAPE,KEEP_PAGE_LOCAL,FAMILY,API_READY,NO,Invite approval action,,NOT_APPLICABLE
41,2g,2g-chat-reply,채팅 답장,CONVERSATION_WAGLE,WAGLE,PAGE_VIEW,,WAGLE,1d,대화,CHILD_OF,NO_ROUTE,frontend/src/pages/ChatReplyPreview/index.tsx,/__wave6/2g,,PREVIEW_REFERENCE_ONLY,CREATE_NEW_NESTED_VIEW,frontend/src/platform/wagle/,TARGET_DIRECTORY_CANDIDATE,MOBILE_TABLET_PORTRAIT_LANDSCAPE,KEEP_PAGE_LOCAL,WAGLE,API_PARTIAL,NO,Composer mode,,NOT_APPLICABLE
42,2h,2h-exchange-confirm,교환 확인,REWARD,USER_DASHBOARD,MODAL_DIALOG,,USER_DASHBOARD,1l,보상 교환,OPENS,NO_ROUTE,frontend/src/pages/ExchangeConfirmPreview/index.tsx,/__wave6/2h,,PREVIEW_REFERENCE_ONLY,CREATE_MODAL_OR_DIALOG,frontend/src/platform/markpoint/MarkpointUser.tsx,TARGET_OWNER_CONFIRMED,MOBILE_TABLET_PORTRAIT_LANDSCAPE,KEEP_PAGE_LOCAL,MARKPOINT,API_PARTIAL,NO,Confirmation action,,NOT_APPLICABLE
43,2i,2i-parent-dashboard,부모 대시보드,ADMIN_MISSION,ADMIN_DASHBOARD,NESTED_ROUTE,,ADMIN_DASHBOARD,NONE,NONE,ROOT_OF,EXISTING_NESTED_ROUTE,frontend/src/pages/ParentDashboardPreview/index.tsx,/__wave6/2i,/admin,PREVIEW_REFERENCE_ONLY,REPLACE_EXISTING_VIEW_VISUALS,frontend/src/pages/AdminDashboard/views/DashboardView/,EXACT_PATH_CONFIRMED,DESKTOP_PRIMARY,KEEP_PAGE_LOCAL,MARKPOINT,API_READY,NO,Admin index route,,NOT_APPLICABLE
44,2j,2j-reward-shop,리워드샵,REWARD,USER_DASHBOARD,NESTED_ROUTE,,USER_DASHBOARD,1c,포인트 잔치,CHILD_OF,NEW_NESTED_ROUTE_REQUIRED,frontend/src/pages/RewardShopPreview/index.tsx,/__wave6/2j,,PREVIEW_REFERENCE_ONLY,CREATE_NEW_NESTED_VIEW,frontend/src/platform/markpoint/MarkpointUser.tsx,TARGET_OWNER_CONFIRMED,MOBILE_TABLET_PORTRAIT_LANDSCAPE,KEEP_PAGE_LOCAL,MARKPOINT,API_PARTIAL,NO,Reward destination,,NOT_APPLICABLE
45,2k,2k-settings-index,설정 전체 목록,PROFILE,FAMILY_CONTEXT,ROUTE_PAGE,,FAMILY_CONTEXT,1f,나 프로필,CHILD_OF,NEW_ROUTE_REQUIRED,frontend/src/pages/SettingsListPreview/index.tsx,/__wave6/2k,,PREVIEW_REFERENCE_ONLY,CREATE_NEW_ROUTE_SCREEN,frontend/src/pages/profile/,TARGET_DIRECTORY_CANDIDATE,MOBILE_TABLET_PORTRAIT_LANDSCAPE,OWNER_LOCAL,ACCOUNT_AUTH,API_PARTIAL,YES,No existing settings destination,Profile route policy needed with 1f,NOT_APPLICABLE
46,2l,2l-mission-create,미션 만들기 폼,ADMIN_MISSION,ADMIN_DASHBOARD,MODAL_DIALOG,,ADMIN_DASHBOARD,2e,미션 목록 관리,OPENS,NO_ROUTE,,,,PRODUCT_MAPPING_UNRESOLVED,CREATE_MODAL_OR_DIALOG,frontend/src/pages/AdminDashboard/views/MissionView/,EXACT_PATH_CONFIRMED,DESKTOP_PRIMARY,SHARED_CANDIDATE_AFTER_WIRING,MARKPOINT,API_READY,NO,MissionView has NewMissionModal,,YES
47,2m,2m-mission-edit,미션 상세 폼,ADMIN_MISSION,ADMIN_DASHBOARD,MODAL_DIALOG,,ADMIN_DASHBOARD,2e,미션 목록 관리,OPENS,NO_ROUTE,,,,PRODUCT_MAPPING_UNRESOLVED,CREATE_MODAL_OR_DIALOG,frontend/src/pages/AdminDashboard/views/MissionView/,EXACT_PATH_CONFIRMED,DESKTOP_PRIMARY,SHARED_CANDIDATE_AFTER_WIRING,MARKPOINT,API_READY,NO,MissionView template edit UI,,YES
48,2n,2n-notification-preferences,알림 세부설정,NOTIFICATION,FAMILY_CONTEXT,NESTED_ROUTE,,FAMILY_CONTEXT,2k,설정 전체 목록,CHILD_OF,NEW_NESTED_ROUTE_REQUIRED,,,,PRODUCT_MAPPING_UNRESOLVED,CREATE_NEW_NESTED_VIEW,frontend/src/pages/profile/,TARGET_DIRECTORY_CANDIDATE,MOBILE_TABLET_PORTRAIT_LANDSCAPE,OWNER_LOCAL,FAMILY,API_PARTIAL,NO,Settings child,,YES
49,2o,2o-point-policy,포인트 정책 편집,ADMIN_POINT,ADMIN_DASHBOARD,NESTED_ROUTE,,ADMIN_DASHBOARD,1e,관리자 포인트 관리,CHILD_OF,EXISTING_NESTED_ROUTE,,,,PRODUCT_MAPPING_UNRESOLVED,MERGE_CANONICAL_INTO_EXISTING_VIEW,frontend/src/pages/AdminDashboard/views/PointView/,EXACT_PATH_CONFIRMED,DESKTOP_PRIMARY,KEEP_PAGE_LOCAL,MARKPOINT,API_READY,NO,PointView existing owner,,YES
50,2p,2p-invite-list,초대 목록,FAMILY_MEMBERSHIP,FAMILY_CONTEXT,NESTED_ROUTE,,FAMILY_CONTEXT,1q,가족 구성원 관리,CHILD_OF,NEW_NESTED_ROUTE_REQUIRED,,,,PRODUCT_MAPPING_UNRESOLVED,CREATE_NEW_NESTED_VIEW,frontend/src/features/family-members/,TARGET_DIRECTORY_CANDIDATE,DESKTOP_PRIMARY,KEEP_PAGE_LOCAL,FAMILY,API_READY,NO,Membership list,,YES
51,2q,2q-family-rules-info,가족 규칙 안내,ADMIN_FAMILY,FAMILY_CONTEXT,PAGE_VIEW,,FAMILY_CONTEXT,1v,가족 규칙 설정,CHILD_OF,NO_ROUTE,,,,PRODUCT_MAPPING_UNRESOLVED,MERGE_CANONICAL_INTO_EXISTING_VIEW,frontend/src/features/family-rules/,TARGET_DIRECTORY_CANDIDATE,MOBILE_TABLET_PORTRAIT_LANDSCAPE,KEEP_PAGE_LOCAL,FAMILY,API_PARTIAL,NO,Read view of rule policy,,YES
52,2r,2r-activity-log,가족 활동 로그,ADMIN_FAMILY,FAMILY_CONTEXT,NESTED_ROUTE,,FAMILY_CONTEXT,1q,가족 구성원 관리,CHILD_OF,NEW_NESTED_ROUTE_REQUIRED,,,,PRODUCT_MAPPING_UNRESOLVED,CREATE_NEW_NESTED_VIEW,frontend/src/features/family-members/,TARGET_DIRECTORY_CANDIDATE,MOBILE_TABLET_PORTRAIT_LANDSCAPE,KEEP_PAGE_LOCAL,FAMILY,API_PARTIAL,NO,Family audit/history,,YES
53,2s,2s-first-pin-setup,PIN 최초 설정,ACCOUNT_AUTH,AUTH_FLOW,STATE_VARIANT,,AUTH_FLOW,1r,온보딩,CHILD_OF,NO_ROUTE,,,,PRODUCT_MAPPING_UNRESOLVED,IMPLEMENT_AS_STATE_VARIANT,frontend/src/features/family-onboarding/,TARGET_DIRECTORY_CANDIDATE,MOBILE_TABLET_PORTRAIT_LANDSCAPE,OWNER_LOCAL,ACCOUNT_AUTH,API_READY,NO,Onboarding security step,,YES
54,2t,2t-admin-announcement,관리자 알림 발송,ADMIN_NOTIFICATION,ADMIN_DASHBOARD,MODAL_DIALOG,,ADMIN_DASHBOARD,NONE,NONE,OPENS,EXISTING_NESTED_ROUTE,,,,PRODUCT_MAPPING_UNRESOLVED,MERGE_CANONICAL_INTO_EXISTING_VIEW,frontend/src/pages/AdminDashboard/views/NotificationView/,EXACT_PATH_CONFIRMED,DESKTOP_PRIMARY,KEEP_PAGE_LOCAL,FAMILY,API_PARTIAL,NO,Admin notification route exists,,YES
55,2u,2u-schedule-detail,일정 상세,SCHEDULE,FAMILY_CONTEXT,NESTED_ROUTE,,FAMILY_CONTEXT,1g,가족 일정,CHILD_OF,NEW_NESTED_ROUTE_REQUIRED,,,,PRODUCT_MAPPING_UNRESOLVED,CREATE_NEW_NESTED_VIEW,frontend/src/features/family-schedule/,TARGET_DIRECTORY_CANDIDATE,MOBILE_TABLET_PORTRAIT_LANDSCAPE,KEEP_PAGE_LOCAL,FAMILY,API_MISSING,NO,Event entity detail,,YES
56,2v,2v-album-upload,앨범 업로드 진행,ALBUM_PHOTO,FAMILY_CONTEXT,STATE_VARIANT,,FAMILY_CONTEXT,1h,앨범,DEPENDENT_ON,NO_ROUTE,,,,PRODUCT_MAPPING_UNRESOLVED,IMPLEMENT_AS_STATE_VARIANT,frontend/src/features/family-album/,TARGET_DIRECTORY_CANDIDATE,MOBILE_TABLET_PORTRAIT_LANDSCAPE,KEEP_PAGE_LOCAL,FAMILY,API_MISSING,NO,Upload progress is transient,,YES
57,2w,2w-family-invite-accept,가족 초대 수락,FAMILY_MEMBERSHIP,FAMILY_CONTEXT,ROUTE_PAGE,,FAMILY_CONTEXT,NONE,NONE,ROOT_OF,NEW_ROUTE_REQUIRED,,,,PRODUCT_MAPPING_UNRESOLVED,CREATE_NEW_ROUTE_SCREEN,frontend/src/features/family-onboarding/,TARGET_DIRECTORY_CANDIDATE,MOBILE_TABLET_PORTRAIT_LANDSCAPE,OWNER_LOCAL,FAMILY,API_READY,YES,Invite acceptance needs entry/token policy,,YES
58,2x,2x-mission-stats,미션 통계 대시보드,ADMIN_MISSION,ADMIN_DASHBOARD,NESTED_ROUTE,,ADMIN_DASHBOARD,2i,부모 대시보드,CHILD_OF,NEW_NESTED_ROUTE_REQUIRED,,,,PRODUCT_MAPPING_UNRESOLVED,CREATE_NEW_NESTED_VIEW,frontend/src/pages/AdminDashboard/views/DashboardView/,TARGET_OWNER_CONFIRMED,DESKTOP_PRIMARY,KEEP_PAGE_LOCAL,MARKPOINT,API_PARTIAL,NO,Stats destination,,YES
59,2y,2y-album-sharing,앨범 공유설정,ALBUM_PHOTO,FAMILY_CONTEXT,NESTED_ROUTE,,FAMILY_CONTEXT,1h,앨범,CHILD_OF,NEW_NESTED_ROUTE_REQUIRED,,,,PRODUCT_MAPPING_UNRESOLVED,CREATE_NEW_NESTED_VIEW,frontend/src/features/family-album/,TARGET_DIRECTORY_CANDIDATE,MOBILE_TABLET_PORTRAIT_LANDSCAPE,OWNER_LOCAL,FAMILY,API_MISSING,NO,Album policy child,,YES
60,2z,2z-profile-edit,프로필 편집,PROFILE,FAMILY_CONTEXT,NESTED_ROUTE,,FAMILY_CONTEXT,1f,나 프로필,CHILD_OF,NEW_NESTED_ROUTE_REQUIRED,,,,PRODUCT_MAPPING_UNRESOLVED,CREATE_NEW_NESTED_VIEW,frontend/src/pages/profile/,TARGET_DIRECTORY_CANDIDATE,MOBILE_TABLET_PORTRAIT_LANDSCAPE,SHARED_CANDIDATE_AFTER_WIRING,ACCOUNT_AUTH,API_PARTIAL,YES,Profile parent route policy,,YES
61,3a,3a-calendar-share,가족 캘린더 공유,SCHEDULE,FAMILY_CONTEXT,MODAL_DIALOG,,FAMILY_CONTEXT,1g,가족 일정,OPENS,NO_ROUTE,,,,PRODUCT_MAPPING_UNRESOLVED,CREATE_MODAL_OR_DIALOG,frontend/src/features/family-schedule/,TARGET_DIRECTORY_CANDIDATE,MOBILE_TABLET_PORTRAIT_LANDSCAPE,KEEP_PAGE_LOCAL,FAMILY,API_MISSING,NO,Share action,,YES
62,3b,3b-mission-stats-filter,미션 통계 필터,ADMIN_MISSION,ADMIN_DASHBOARD,MODAL_DIALOG,,ADMIN_DASHBOARD,2x,미션 통계 대시보드,OPENS,NO_ROUTE,,,,PRODUCT_MAPPING_UNRESOLVED,CREATE_MODAL_OR_DIALOG,frontend/src/pages/AdminDashboard/views/DashboardView/,TARGET_OWNER_CONFIRMED,DESKTOP_PRIMARY,KEEP_PAGE_LOCAL,MARKPOINT,API_PARTIAL,NO,Stats filter,,YES
63,3c,3c-family-board,가족 게시판,CONVERSATION_WAGLE,WAGLE,ROUTE_PAGE,,WAGLE,NONE,NONE,ROOT_OF,NEW_ROUTE_REQUIRED,,,,PRODUCT_MAPPING_UNRESOLVED,CREATE_NEW_ROUTE_SCREEN,frontend/src/platform/wagle/,TARGET_DIRECTORY_CANDIDATE,MOBILE_TABLET_PORTRAIT_LANDSCAPE,OWNER_LOCAL,WAGLE,API_MISSING,YES,Board service/domain policy not evidenced,,YES
64,3d,3d-board-comments,댓글 작성,CONVERSATION_WAGLE,WAGLE,PAGE_VIEW,,WAGLE,3c,가족 게시판,CHILD_OF,NO_ROUTE,,,,PRODUCT_MAPPING_UNRESOLVED,CREATE_NEW_NESTED_VIEW,frontend/src/platform/wagle/,TARGET_DIRECTORY_CANDIDATE,MOBILE_TABLET_PORTRAIT_LANDSCAPE,KEEP_PAGE_LOCAL,WAGLE,API_MISSING,YES,Board composition unresolved with 3c policy,,YES
65,3e,3e-trending-posts,인기 게시글,CONVERSATION_WAGLE,WAGLE,TAB_VIEW,,WAGLE,3c,가족 게시판,CHILD_OF,NO_ROUTE,,,,PRODUCT_MAPPING_UNRESOLVED,CREATE_NEW_NESTED_VIEW,frontend/src/platform/wagle/,TARGET_DIRECTORY_CANDIDATE,MOBILE_TABLET_PORTRAIT_LANDSCAPE,KEEP_PAGE_LOCAL,WAGLE,API_MISSING,YES,Board composition unresolved with 3c policy,,YES
66,3f,3f-language-settings,언어 설정,PROFILE,FAMILY_CONTEXT,NESTED_ROUTE,,FAMILY_CONTEXT,2k,설정 전체 목록,CHILD_OF,NEW_NESTED_ROUTE_REQUIRED,,,,PRODUCT_MAPPING_UNRESOLVED,CREATE_NEW_NESTED_VIEW,frontend/src/pages/profile/,TARGET_DIRECTORY_CANDIDATE,MOBILE_TABLET_PORTRAIT_LANDSCAPE,OWNER_LOCAL,NOT_APPLICABLE,POLICY_REQUIRED,YES,Locale policy not in current product,,YES
67,3g,3g-theme-settings,화면 테마 설정,PROFILE,FAMILY_CONTEXT,NESTED_ROUTE,,FAMILY_CONTEXT,2k,설정 전체 목록,CHILD_OF,NEW_NESTED_ROUTE_REQUIRED,,,,PRODUCT_MAPPING_UNRESOLVED,CREATE_NEW_NESTED_VIEW,frontend/src/pages/profile/,TARGET_DIRECTORY_CANDIDATE,MOBILE_TABLET_PORTRAIT_LANDSCAPE,OWNER_LOCAL,NOT_APPLICABLE,POLICY_REQUIRED,YES,Theme policy source says UI only,,YES
68,3h,3h-account-delete,계정 탈퇴 확인,ACCOUNT_AUTH,FAMILY_CONTEXT,MODAL_DIALOG,,FAMILY_CONTEXT,2k,설정 전체 목록,OPENS,NO_ROUTE,,,,PRODUCT_MAPPING_UNRESOLVED,PM_DECISION_REQUIRED,frontend/src/pages/profile/,TARGET_DIRECTORY_CANDIDATE,MOBILE_TABLET_PORTRAIT_LANDSCAPE,OWNER_LOCAL,ACCOUNT_AUTH,POLICY_REQUIRED,YES,Destructive account policy absent,,YES
69,3i,3i-invite-cancel,가족 초대 취소,FAMILY_MEMBERSHIP,FAMILY_CONTEXT,MODAL_DIALOG,,FAMILY_CONTEXT,2p,초대 목록,OPENS,NO_ROUTE,,,,PRODUCT_MAPPING_UNRESOLVED,CREATE_MODAL_OR_DIALOG,frontend/src/features/family-members/,TARGET_DIRECTORY_CANDIDATE,MOBILE_TABLET_PORTRAIT_LANDSCAPE,KEEP_PAGE_LOCAL,FAMILY,API_READY,NO,Invite lifecycle action,,YES
70,3j,3j-global-search,검색 전체,CROSS_DOMAIN,FAMILY_CONTEXT,ROUTE_PAGE,,FAMILY_CONTEXT,NONE,NONE,ROOT_OF,NEW_ROUTE_REQUIRED,,,,PRODUCT_MAPPING_UNRESOLVED,PM_DECISION_REQUIRED,frontend/src/features/search/,TARGET_DIRECTORY_CANDIDATE,MOBILE_TABLET_PORTRAIT_LANDSCAPE,FALSE_SIMILARITY,NOT_APPLICABLE,POLICY_REQUIRED,YES,No product search ownership contract,,YES
71,3k,3k-widget-gallery,위젯 갤러리,PROFILE,FAMILY_CONTEXT,NESTED_ROUTE,,FAMILY_CONTEXT,2k,설정 전체 목록,CHILD_OF,NEW_NESTED_ROUTE_REQUIRED,,,,PRODUCT_MAPPING_UNRESOLVED,CREATE_NEW_NESTED_VIEW,frontend/src/pages/profile/,TARGET_DIRECTORY_CANDIDATE,MOBILE_TABLET_PORTRAIT_LANDSCAPE,OWNER_LOCAL,NOT_APPLICABLE,POLICY_REQUIRED,YES,Widget platform policy absent,,YES
72,3l,3l-shortcut-editor,바로가기 편집,PROFILE,FAMILY_CONTEXT,NESTED_ROUTE,,FAMILY_CONTEXT,3k,위젯 갤러리,CHILD_OF,NEW_NESTED_ROUTE_REQUIRED,,,,PRODUCT_MAPPING_UNRESOLVED,CREATE_NEW_NESTED_VIEW,frontend/src/pages/profile/,TARGET_DIRECTORY_CANDIDATE,MOBILE_TABLET_PORTRAIT_LANDSCAPE,OWNER_LOCAL,NOT_APPLICABLE,POLICY_REQUIRED,YES,Shortcut policy absent,,YES
