CANONICAL_ID,OWNER_AGGREGATE,PRODUCT_ENTRY,PRODUCT_CONTAINER,USER_VISIBLE_PURPOSE,INITIAL_LOAD_REQUIREMENT,USER_EVENTS,EXPECTED_SUCCESS_OUTCOME,EMPTY_STATE,ERROR_STATE,PERMISSION_STATE,VALIDATION_STATE,RETRY_BEHAVIOR,CURRENT_DATA_SOURCE,CURRENT_MUTATION_SOURCE,CURRENT_FIXTURE_OR_FALLBACK,EXISTING_FRONTEND_API_CLIENT,EXISTING_BACKEND_ROUTE,EXISTING_BACKEND_SERVICE,EXISTING_SCHEMA,EXISTING_MODEL_TABLE,API_READINESS,ORIGINAL_API_READINESS,POLICY_STATUS,IMPLEMENTATION_STRATEGY,BACKEND_SLICE_ID,AUTHENTICATION_REQUIREMENT,AUTHORIZATION_SCOPE,OWNERSHIP_SCOPE,TEST_COVERAGE_BEFORE,TEST_EVIDENCE_AFTER,FINAL_W7_5_STATUS,NOTES,CAPABILITY_ID,CAPABILITY_STATUS,POLICY_DEPENDENCY
1a,AUTH_FLOW,/,frontend/src/pages/Auth/index.tsx,로그인,,,,,,,,,real (authApi.ts -> GET /api/players),N/A,none,pages/Auth/api/authApi.ts,GET /api/players,domains/player/service.py,PlayerListItem,players,EXISTING_API_READY,EXISTING_API_READY,NOT_APPLICABLE,NO_BACKEND_CHANGE_REQUIRED,,none,public list,N/A,,,ALREADY_WIRED,,1a,ALREADY_WIRED,NONE
1a-1,AUTH_FLOW,/login,frontend/src/pages/A1AccountLogin/index.tsx,로그인 폼,,,,,,,,,"none - presentation-only reconstruction, deliberately parked in W7.3/W7.4",none,"ui-only, no real submit",none (intentionally parked),POST /api/auth/login,domains/auth/service.py,LoginRequest/LoginResponse,player_auth,EXISTING_API_READY,EXISTING_API_READY,NOT_APPLICABLE,WIRE_EXISTING_API,WIRE-LEGACY-LOGIN,none,public,N/A,"NONE (onSubmit was event.preventDefault() only, no real call)","Real HTTP 200 POST /api/auth/account/login on success (token in sessionStorage, navigates to /family) and real 401 on failure (error rendered via role=""status"", stays on /login) -- both verified via the permanent tests/e2e/specs-mongle/04-w75-data-wiring.spec.ts against an isolated disposable stack. Found and fixed a real defect in the process: shared/api/httpClient.ts's global 401 interceptor was missing /api/auth/account/login from its no-redirect allowlist, so a wrong password was misread as an expired session and force-redirected away from the error state.",WIRED_AND_VERIFIED, PHASE B COMPLETE.,1a-1,WIRED_AND_VERIFIED,NONE
1b,FAMILY_CONTEXT,/family,frontend/src/platform/pages/FamilyLanding.tsx,홈,,,,,,,,,real (useFamilyContextStore),N/A (read screen),none,shared/api/familyApi.ts,GET /api/account-context,domains/family/service.py,AccountContextResponse,"accounts,family_groups,family_memberships",EXISTING_API_READY,EXISTING_API_READY,NOT_APPLICABLE,NO_BACKEND_CHANGE_REQUIRED,,Hybrid (legacy or Account),own account,self,,,ALREADY_WIRED,,1b,ALREADY_WIRED,NONE
1c,USER_DASHBOARD,/markpoint,frontend/src/platform/markpoint/MarkpointUser.tsx (MarkpointUserPage),포인트 잔치,,,,,,,,,real,real (submitMission),none,shared/api/markpointApi.ts,"GET /api/me/markpoint/projection,weekly,level; GET .../deductions/history",domains/markpoint_target/service.py,"BalanceOut,LevelOut,MissionOut,LedgerOut","markpoint_missions,markpoint_ledger",EXISTING_API_READY,EXISTING_API_READY,NOT_APPLICABLE,NO_BACKEND_CHANGE_REQUIRED,,Account-native,active family membership,family_id scoped,,,ALREADY_WIRED,,1c,ALREADY_WIRED,NONE
1d,WAGLE,/wagle,frontend/src/platform/wagle/WagleRoomView.tsx,대화,,,,,,,,,real,real (sendMessage),none,shared/api/wagleApi.ts,"GET .../room-summaries, .../messages; POST .../messages",domains/wagle/service.py,"RoomSummaryResponse,MessageResponse","wagle_rooms,wagle_messages",EXISTING_API_READY,EXISTING_API_READY,NOT_APPLICABLE,NO_BACKEND_CHANGE_REQUIRED,,Hybrid,room participant,family_id + room_id scoped,,,ALREADY_WIRED,,1d,ALREADY_WIRED,NONE
1e,ADMIN_DASHBOARD,/admin (nested),frontend/src/pages/AdminDashboard/views/PointView/,관리자 포인트 관리,,,,,,,,,real (usePointView),real (via useAdminData/usePointView/useMissionView/etc.),none,pages/AdminDashboard/api/adminApi.ts,"various /api/admin/* (see backend inventory, admin aggregator)",domains/admin/router.py (thin wrapper over mission/deduction/daily_point/player/notification services),"various (MissionResponse, DeductionResponse, PlayerListItem, NotificationResponse, etc.)","players,missions,deductions,daily_points,notifications (legacy)",EXISTING_API_READY,EXISTING_API_READY,NOT_APPLICABLE,NO_BACKEND_CHANGE_REQUIRED,,Legacy admin (require_admin),admin-only,N/A (legacy platform-wide admin),,,ALREADY_WIRED,,1e,ALREADY_WIRED,NONE
1f,FAMILY_CONTEXT,/profile,frontend/src/pages/profile/ProfilePage.tsx,나 프로필,,,,,,,,,fixture (myProfile.fixture.ts),none,myProfile.fixture.ts,none yet,GET /api/me,domains/family/router.py,MeResponse,accounts,API_PARTIAL,API_PARTIAL,NOT_APPLICABLE,EXTEND_EXISTING_API,EXTEND-ME-PROFILE,Account-native,self,self,,,SCREEN_PARTIALLY_COMPLETE (see CAPABILITY_STATUS),"PHASE C COMPLETE (core): ProfilePage now loads real GET /api/me (display_name/bio/birthday/avatar_color + authorized_families[].joined_at, additive), GET /api/me/markpoint/level, GET /api/me/markpoint/projection (balance), GET /api/me/markpoint/missions (completed count derived client-side, no backend change), and GET /api/families/{id}/members (member count, same call 1q already wired). Two stats (연속 달성/streak, 받은 배지/badges) have no backing data model anywhere in the backend (grep-confirmed) -- kept as disclosed fixture values, not fabricated, and reclassified NEW_SLICE_REQUIRED rather than silently built. See ProfilePage.tsx's own top-of-file comment.",1f-CORE_PROFILE; 1f-STREAK_STAT; 1f-BADGES_STAT,WIRED_AND_VERIFIED; POLICY_REQUIRED; POLICY_REQUIRED,NONE; POLICY-STREAK-DEFINITION (new); POLICY-BADGE-DEFINITION (new)
1g,FAMILY_CONTEXT,/family/schedule,frontend/src/features/family-schedule/FamilySchedulePage.tsx (view state),가족 일정,,,,,,,,,fixture,none,familySchedule.fixture.ts,none,"none (confirmed via grep, backend inventory)",none,none,none,API_MISSING,API_MISSING,NOT_APPLICABLE,CREATE_NEW_VERTICAL_SLICE,SLICE-SCHEDULE,Account-native,family membership,family_id scoped,,,WIRED_AND_VERIFIED,"PHASE D COMPLETE: new SLICE-SCHEDULE (migration 0016, family_schedule_events, shared with 1o/2u/3a). Today/upcoming event lists real.",1g,WIRED_AND_VERIFIED,NONE
1h,FAMILY_CONTEXT,/family/album,frontend/src/features/family-album/FamilyAlbumPage.tsx (view state),앨범,,,,,,,,,fixture,none,familyAlbum.fixture.ts,none,"none (confirmed via grep, backend inventory)",none,none,none,API_MISSING,API_MISSING,NOT_APPLICABLE,CREATE_NEW_VERTICAL_SLICE,SLICE-ALBUM-METADATA,Account-native,family membership,family_id scoped,,,WIRED_AND_VERIFIED,"PHASE D COMPLETE: new SLICE-ALBUM-METADATA (migration 0017, family_albums + family_album_photos, shared with 1p/1w/2y). Album list with real photo counts.",1h,WIRED_AND_VERIFIED,NONE
1i,FAMILY_CONTEXT,/family/todo,frontend/src/features/family-todo/FamilyTodoPage.tsx,할 일,,,,,,,,,fixture (with local useState mutation),"real local toggle only, no backend save",familyTodo.fixture.ts,none,"none (confirmed via grep, backend inventory)",none,none,none,API_MISSING,API_MISSING,NOT_APPLICABLE,CREATE_NEW_VERTICAL_SLICE,SLICE-TODO,Account-native,family membership,family_id scoped,,,SCREEN_PARTIALLY_COMPLETE (see CAPABILITY_STATUS),"PHASE D COMPLETE: new SLICE-TODO (migration 0013, family_todos table). List/toggle-complete real end-to-end (GET/PATCH /api/families/{id}/todos). '+ 할 일 추가' button has no real create call wired: same design-contract-gap shape as 2z/3b -- no PM decision needed to notice it, but building a fabricated create form was out of this task's authority. Delete/assignee-validation real and tested.",1i-LIST_TOGGLE; 1i-CREATE,WIRED_AND_VERIFIED; API_READY_UI_BLOCKED,NONE; NONE
1j,AUTH_FLOW,/,frontend/src/pages/Auth/index.tsx,PIN 입력,,,,,,,,,real,real (PIN submit),none,pages/Auth/api/authApi.ts,POST /api/auth/login,domains/auth/service.py,LoginRequest/LoginResponse,player_auth,EXISTING_API_READY,EXISTING_API_READY,NOT_APPLICABLE,NO_BACKEND_CHANGE_REQUIRED,,none (pre-auth step),public,N/A,,,ALREADY_WIRED,,1j,ALREADY_WIRED,NONE
1j-1,AUTH_FLOW,/,frontend/src/pages/Auth/index.tsx,계정 잠금,,,,,,,,,real (server-derived 423 + lock message),real,none,pages/Auth/api/authApi.ts,POST /api/auth/login (423 branch),domains/auth/service.py,LoginRequest,player_auth,EXISTING_API_READY,EXISTING_API_READY,NOT_APPLICABLE,NO_BACKEND_CHANGE_REQUIRED,,none,public,N/A,,,ALREADY_WIRED,,1j-1,ALREADY_WIRED,NONE
1k,USER_DASHBOARD,/markpoint (overlay),frontend/src/platform/markpoint/MarkpointUser.tsx (overlay state),미션 상세,,,,,,,,,real (title/reward via weekly-list) + fixture (checklist/photo sub-fields),real (submitMission),missionDetail.fixture.ts (checklist/photo only),shared/api/markpointApi.ts,"GET .../missions (filtered), POST .../missions/{id}/submit",domains/markpoint_target/service.py,MissionOut,markpoint_missions,API_PARTIAL,API_PARTIAL,NOT_APPLICABLE,EXTEND_EXISTING_API,EXTEND-MARKPOINT-MISSION-DETAIL,Account-native,active family membership,family_id scoped,,,SCREEN_PARTIALLY_COMPLETE (see CAPABILITY_STATUS),"PHASE C COMPLETE (description/checklist): additive MarkpointMission.description (Text) and .checklist (JSONB list of {label,done}) columns (migration 0012, nullable, no backfill), new MissionCreate.checklist input, new PATCH .../missions/{id}/checklist endpoint (assignee-only, only while status=active), MissionOut extended with description/checklist/rejection_reason/reviewer_display_name via a new mission_out() builder (same async cross-domain-resolve pattern as 1t's participant_out). Frontend: MissionDetailScreen's checklist rows are now clickable (onToggleItem), calling the real endpoint; progress/counts derive from the real checklist. Photo-evidence submission stays POLICY_REQUIRED: no file-storage abstraction exists anywhere in backend/app, same infra gate as Album (2v) and avatar upload (2z) -- static photoNotice copy only, no upload control wired.",1k-CORE; 1k-DESCRIPTION; 1k-CHECKLIST; 1k-PHOTO_EVIDENCE,WIRED_AND_VERIFIED; WIRED_AND_VERIFIED; WIRED_AND_VERIFIED; POLICY_REQUIRED/HUMAN_GATE,NONE; NONE; NONE; POLICY-ALBUM-STORAGE-INFRA
1l,USER_DASHBOARD,/markpoint (overlay),frontend/src/platform/markpoint/MarkpointUser.tsx (overlay state),보상 교환,,,,,,,,,fixture (balance patched real),none,rewardExchange.fixture.ts,none,POST .../ledger/adjustments exists for the point-debit side; no reward-catalog endpoint,domains/markpoint_target/service.py (ledger only),PointAdjustment/LedgerOut,markpoint_ledger (no Reward table),API_MISSING,API_MISSING,NOT_APPLICABLE,CREATE_NEW_VERTICAL_SLICE,SLICE-REWARD-CATALOG,Account-native,active family membership,family_id scoped,,,WIRED_AND_VERIFIED,"PHASE D COMPLETE: new SLICE-REWARD-CATALOG (migration 0018, reward_catalog_items + reward_redemptions, shared with 2h/2j). Real catalog list, real redemption via new markpoint_target.service.self_spend (not adjust_points, which needs an admin-only permission no child holds).",1l,WIRED_AND_VERIFIED,NONE
1m,ADMIN_DASHBOARD,/admin (nested),frontend/src/pages/AdminDashboard/views/DashboardView/components/PendingApprovalModal.tsx,관리자 승인 대기함,,,,,,,,,"real (useAdminData, PendingApprovalModal)",real (via useAdminData/usePointView/useMissionView/etc.),none,pages/AdminDashboard/api/adminApi.ts,"various /api/admin/* (see backend inventory, admin aggregator)",domains/admin/router.py (thin wrapper over mission/deduction/daily_point/player/notification services),"various (MissionResponse, DeductionResponse, PlayerListItem, NotificationResponse, etc.)","players,missions,deductions,daily_points,notifications (legacy)",EXISTING_API_READY,EXISTING_API_READY,NOT_APPLICABLE,NO_BACKEND_CHANGE_REQUIRED,,Legacy admin (require_admin),admin-only,N/A (legacy platform-wide admin),,,ALREADY_WIRED,,1m,ALREADY_WIRED,NONE
1n,FAMILY_CONTEXT,/family/notifications,frontend/src/features/family-notifications/NotificationsPage.tsx,알림 목록,,,,,,,,,fixture,none,notificationList.fixture.ts,none,"GET/POST /api/notifications/ exists but is legacy player_id-scoped, not Account/family-scoped",domains/notification/service.py,NotificationResponse (legacy),"notifications (legacy, player_id FK)",API_MISSING,API_MISSING,NOT_APPLICABLE,CREATE_NEW_VERTICAL_SLICE,SLICE-NOTIFICATION-LIST,Account-native,self,self (per-Account),,,WIRED_AND_VERIFIED,"PHASE D COMPLETE: new SLICE-NOTIFICATION-LIST (migration 0019, account_notifications, Account-native, not a LegacyIdentityMapping extension per D8). List and 모두 읽음 real. No producer route exists anywhere yet (mission approval etc. do not create a notification) -- a real family sees a real empty list, not the fixture's five invented items. Category filters (포인트/일정/앨범) have no real category data behind them yet, disclosed rather than fabricated.",1n,WIRED_AND_VERIFIED,NONE
1o,FAMILY_CONTEXT,/family/schedule (overlay),frontend/src/features/family-schedule/FamilySchedulePage.tsx (view state),일정 추가,,,,,,,,,fixture,none,scheduleAdd.fixture.ts,none,"none (confirmed via grep, backend inventory)",none,none,none,API_MISSING,API_MISSING,NOT_APPLICABLE,CREATE_NEW_VERTICAL_SLICE,SLICE-SCHEDULE,Account-native,family membership,family_id scoped,,,WIRED_AND_VERIFIED,PHASE D COMPLETE: real POST /schedule-events via the frozen Screen's own real form inputs (title/date/time/place/attendees/memo).,1o,WIRED_AND_VERIFIED,NONE
1p,FAMILY_CONTEXT,/family/album (overlay),frontend/src/features/family-album/FamilyAlbumPage.tsx (view state),사진 상세,,,,,,,,,fixture,none,photoDetail.fixture.ts,none,"none (confirmed via grep, backend inventory)",none,none,none,API_MISSING,API_MISSING,NOT_APPLICABLE,CREATE_NEW_VERTICAL_SLICE,SLICE-ALBUM-METADATA,Account-native,family membership,family_id scoped,,,SCREEN_PARTIALLY_COMPLETE (see CAPABILITY_STATUS),"PHASE D COMPLETE (metadata): real caption/uploader/date. No image ever renders -- no storage abstraction exists anywhere in the backend, same gate as 2v/2z's avatar half.",1p-METADATA; 1p-IMAGE,WIRED_AND_VERIFIED; POLICY_REQUIRED/HUMAN_GATE,NONE; POLICY-ALBUM-STORAGE-INFRA
1q,FAMILY_CONTEXT,/family/members,frontend/src/features/family-members/FamilyMembersPage.tsx,가족 구성원 관리,,,,,,,,,fixture,none,familyMembers.fixture.ts,none yet,GET /api/families/{family_id}/members,domains/family/service.py,MembershipSummary,"family_memberships,accounts",API_PARTIAL,EXISTING_API_READY,NOT_APPLICABLE,EXTEND_EXISTING_API,EXTEND-FAMILY-MEMBERSHIP-SUMMARY,Hybrid,FAMILY_MEMBERS_READ,family_id scoped,NONE (fixture-only container),"Real HTTP 200 GET /api/families/{id}/members verified end-to-end via isolated disposable Postgres + throwaway backend + throwaway Playwright; real account_display_name values (e.g. ""Synthetic Owner A"") confirmed rendered in the DOM, not raw account IDs. Backend suite 309/318 (see 1r note for the unrelated-failure explanation).",WIRED_AND_VERIFIED,"CORRECTED during Phase B implementation attempt: MembershipSummary returns account_id only, no display_name -- a member list rendered from it alone would show raw account IDs, not names. Needs an additive display_name field on MembershipSummary (service-side join to Account), not a UI-only fix. Caught by actually trying to wire it, not by inventory alone -- same discipline as not trusting a classification at face value. PHASE B COMPLETE: added service.get_account() + additive MembershipSummary.account_display_name field (family/schema.py, family/router.py, family/service.py), regenerated frontend/src/generated/openapi.d.ts, wired FamilyMembersPage to listFamilyMembers() with a toFamilyMember() adapter (name/role/letter/isGuardian derived from real roles[]). familyName/tagline/description remain fixture (static copy).",1q,WIRED_AND_VERIFIED,NONE
1r,FAMILY_CONTEXT,/onboarding,frontend/src/features/family-onboarding/OnboardingFlowPage.tsx,온보딩,,,,,,,,,fixture,real local family-name input state; no create-family API call yet,onboarding.fixture.ts,none yet,POST /api/families,domains/family/service.py,FamilyCreate/FamilyResponse,"family_groups,family_memberships",EXISTING_API_READY,EXISTING_API_READY,NOT_APPLICABLE,WIRE_EXISTING_API,WIRE-FAMILY-CREATE,Hybrid,any authenticated account (caller becomes member),self (new family),NONE (fixture-only container),"Real HTTP 201 POST /api/families verified via isolated disposable Postgres (port 15435) + throwaway backend + throwaway Playwright script; DB cross-checked (family_groups row created); backend suite 309/318 pass (9 pre-existing unrelated contention failures, 67/67 clean standalone -- see QA evidence). Scratch verification script deleted after use, zero residue.",WIRED_AND_VERIFIED,"Direct fit: POST /api/families already does exactly what this screen needs (name -> new family, caller auto-membered). PHASE B COMPLETE: onNext now calls real createFamily(); loading/error states added to OnboardingScreen (additive props); reloadFamilyContext() refreshes useFamilyContextStore after creation.",1r,WIRED_AND_VERIFIED,NONE
1s,USER_DASHBOARD,/markpoint (overlay),frontend/src/platform/markpoint/MarkpointUser.tsx (overlay state),미션 반려,,,,,,,,,real (title) + fixture (reviewer/reason/checklist/photo),real for non-rejected path (reuses submitMission),missionReject.fixture.ts,shared/api/markpointApi.ts,"POST .../missions/{id}/submit (reused), GET .../missions",domains/markpoint_target/service.py,MissionOut,markpoint_missions,API_PARTIAL,API_PARTIAL,NOT_APPLICABLE,EXTEND_EXISTING_API,EXTEND-MARKPOINT-MISSION-DETAIL,Account-native,active family membership,family_id scoped,,,WIRED_AND_VERIFIED,"PHASE C COMPLETE: rejection_reason already existed on markpoint_missions (set by reject_mission since before this task) but was never exposed on MissionOut -- schema-only fix, same 'field exists, response doesn't carry it' shape as MembershipSummary/ParticipantResponse. reviewer_display_name is a new resolved field (mission_out(), cross-domain via family_service.get_account, same pattern as wagle's participant_display_name). MissionRejectScreen now renders real missionTitle/missionSummary/reviewerName/reason; missionIcon stays static UI decoration.",1s,WIRED_AND_VERIFIED,NONE
1t,WAGLE,/wagle (overlay),frontend/src/platform/wagle/WagleRoomView.tsx (overlay state),채팅방 설정,,,,,,,,,fixture (roomTitle patched real),none,chatSettings.fixture.ts,none,GET .../rooms/{room_id}/participants (member list part is real); no per-room mute-toggle endpoint,domains/wagle/service.py,ParticipantResponse,wagle_participants,API_PARTIAL,API_PARTIAL,"HUMAN_GATE (D6-P2, already registered)",EXTEND_EXISTING_API,EXTEND-WAGLE-ROOM-MEMBER-SETTINGS,Hybrid,room participant,family_id + room_id scoped,,"Real HTTP 200 GET .../participants with real account_display_name values (previously only family_membership_id) verified end-to-end via tests/e2e/specs-mongle/04-w75-data-wiring.spec.ts against an isolated disposable stack. Required an additive ParticipantResponse.account_display_name field (backend/app/domains/wagle/schemas.py, service.py new participant_display_name() cross-domain helper via family_service.get_account(), router.py participant_out() made async) -- same gap shape as 1q's MembershipSummary fix. Backend suite 318/318 clean on re-run (112/112 focused Wagle suite pass); mute/notification toggle sub-feature remains POLICY_REQUIRED (D6-P2, pre-registered).","SCREEN_PARTIALLY_COMPLETE (see CAPABILITY_STATUS -- member-list capability WIRED_AND_VERIFIED, mute-toggle capability POLICY_REQUIRED/HUMAN_GATE on D6-P2; screen-level status intentionally not collapsed to WIRED_AND_VERIFIED)","Member list is wireable now via existing GET .../participants. Per-room mute/notification setting is D6-P2 (""Room별 mute 및 알림 설정""), already registered in active.md as DEFERRED_TO_RELEVANT_TASK_START_GATE -- genuinely policy-blocked, not just unbuilt. PHASE C: member-list portion complete; mute-toggle portion stays its own POLICY_REQUIRED item (D6-P2), not blocking this row's member-list completion.",1t-MEMBER_LIST; 1t-MUTE_TOGGLE,WIRED_AND_VERIFIED; POLICY_REQUIRED/HUMAN_GATE,NONE; D6-P2
1u,FAMILY_CONTEXT,/profile,frontend/src/pages/profile/ProfilePage.tsx,PIN 변경,,,,,,,,,fixture,self-contained step/digit UI state only,none (self-contained component),none yet,"GET/PUT /api/me/wagle/device-pin, POST .../verify|reset|disable",domains/wagle,DevicePin* (approx),wagle_device_pins,POLICY_REQUIRED,EXISTING_API_READY,HUMAN_GATE,POLICY_BLOCKED,WIRE-WAGLE-DEVICE-PIN,Account-native,self device,self,NONE,"Real HTTP 400 from PUT /api/me/wagle/device-pin with a 4-digit PIN, confirmed via curl and via a real Playwright attempt against an isolated disposable stack -- both reproduced the same mismatch before the wiring was reverted.",DESIGN_CONTRACT_MISMATCH,"PHASE B ATTEMPTED, REVERTED: real verification found a genuine contract mismatch, not missing wiring -- the backend requires a 6-digit PIN (""PIN은 숫자 6자리여야 합니다"", confirmed via real HTTP 400), while this frozen W7.3 canonical Screen has a 4-dot/4-key design. Extending the UI to 6 digits would be a visual-baseline redesign, explicitly out of W7.5 scope. Code reverted to its original local-state-only behavior. Reclassified DESIGN_CONTRACT_MISMATCH/HUMAN_GATE -- needs a PM decision (redesign the Screen to 6 digits, or relax the backend PIN-length requirement for this UX) before further engineering, not more effort against the current 4-digit design.",1u,DESIGN_CONTRACT_MISMATCH,DESIGN_CONTRACT_MISMATCH (PIN digit length) -- not a D6 item
1v,FAMILY_CONTEXT,/family/rules,frontend/src/features/family-rules/FamilyRulesPage.tsx,가족 규칙 설정,,,,,,,,,fixture,none,familyRules.fixture.ts,none,none,none,none,"none (RBAC Role/Permission tables exist but are a different concept -- who-can-do-what, not parent-defined behavioral rules)",API_MISSING,API_MISSING,NOT_APPLICABLE,CREATE_NEW_VERTICAL_SLICE,SLICE-FAMILY-RULES,Hybrid,FAMILY_MEMBERS_MANAGE (edit) / FAMILY_READ (view),family_id scoped,,,SCREEN_PARTIALLY_COMPLETE (see CAPABILITY_STATUS),"PHASE D COMPLETE (read): new SLICE-FAMILY-RULES (migration 0014, family_rules table, whole-list PUT replace, FAMILY_MEMBERS_MANAGE-gated). Write side real and tested via the API but frozen Screen has no editable input behind 저장/규칙 선택/규칙 추가.",1v-READ; 1v-WRITE,WIRED_AND_VERIFIED; API_READY_UI_BLOCKED,NONE; NONE
1w,FAMILY_CONTEXT,/family/album (overlay),frontend/src/features/family-album/FamilyAlbumPage.tsx (view state),앨범 검색 결과,,,,,,,,,fixture,none,albumSearch.fixture.ts,none,"none (confirmed via grep, backend inventory)",none,none,none,API_MISSING,API_MISSING,NOT_APPLICABLE,CREATE_NEW_VERTICAL_SLICE,SLICE-ALBUM-METADATA,Account-native,family membership,family_id scoped,,,WIRED_AND_VERIFIED,"PHASE D COMPLETE: real GET /albums/search?q= (caption ILIKE, respects per-album shared_with_membership_ids visibility).",1w,WIRED_AND_VERIFIED,NONE
1x,ADMIN_DASHBOARD,/admin (nested),frontend/src/pages/AdminDashboard/views/DashboardView/,자녀 주간 리포트,,,,,,,,,"real (useAdminData, DashboardView)",real (via useAdminData/usePointView/useMissionView/etc.),none,pages/AdminDashboard/api/adminApi.ts,"various /api/admin/* (see backend inventory, admin aggregator)",domains/admin/router.py (thin wrapper over mission/deduction/daily_point/player/notification services),"various (MissionResponse, DeductionResponse, PlayerListItem, NotificationResponse, etc.)","players,missions,deductions,daily_points,notifications (legacy)",EXISTING_API_READY,EXISTING_API_READY,NOT_APPLICABLE,NO_BACKEND_CHANGE_REQUIRED,,Legacy admin (require_admin),admin-only,N/A (legacy platform-wide admin),,,ALREADY_WIRED,,1x,ALREADY_WIRED,NONE
1z,ADMIN_DASHBOARD,/admin (nested),frontend/src/pages/AdminDashboard/components/AdminModal/AdminModal.tsx,기본 모달 폼,,,,,,,,,"real (shared AdminModal, various callers)",real (via useAdminData/usePointView/useMissionView/etc.),none,pages/AdminDashboard/api/adminApi.ts,"various /api/admin/* (see backend inventory, admin aggregator)",domains/admin/router.py (thin wrapper over mission/deduction/daily_point/player/notification services),"various (MissionResponse, DeductionResponse, PlayerListItem, NotificationResponse, etc.)","players,missions,deductions,daily_points,notifications (legacy)",EXISTING_API_READY,EXISTING_API_READY,NOT_APPLICABLE,NO_BACKEND_CHANGE_REQUIRED,,Legacy admin (require_admin),admin-only,N/A (legacy platform-wide admin),,,ALREADY_WIRED,,1z,ALREADY_WIRED,NONE
2a,ADMIN_DASHBOARD,/admin (nested),frontend/src/pages/AdminDashboard/views/PlayerView/,사용자 관리 상세,,,,,,,,,real (usePlayerView),real (via useAdminData/usePointView/useMissionView/etc.),none,pages/AdminDashboard/api/adminApi.ts,"various /api/admin/* (see backend inventory, admin aggregator)",domains/admin/router.py (thin wrapper over mission/deduction/daily_point/player/notification services),"various (MissionResponse, DeductionResponse, PlayerListItem, NotificationResponse, etc.)","players,missions,deductions,daily_points,notifications (legacy)",EXISTING_API_READY,EXISTING_API_READY,NOT_APPLICABLE,NO_BACKEND_CHANGE_REQUIRED,,Legacy admin (require_admin),admin-only,N/A (legacy platform-wide admin),,,ALREADY_WIRED,,2a,ALREADY_WIRED,NONE
2b,WAGLE,/wagle (overlay),frontend/src/platform/wagle/WagleRoomView.tsx (overlay state),사진/파일 전체보기,,,,,,,,,fixture (roomTitle patched real),none,fileViewer.fixture.ts,none,none (no file/attachment concept on wagle_messages found in backend inventory),none,none,none,API_MISSING,API_MISSING,HUMAN_GATE,CREATE_NEW_VERTICAL_SLICE,SLICE-WAGLE-ATTACHMENTS,Hybrid,room participant,family_id + room_id scoped,,,POLICY_BLOCKED,"Needs an attachment/file-reference concept on messages plus the same binary-storage infra gap flagged for Album (2v) -- POLICY_REQUIRED-adjacent, not purely unbuilt CRUD.",2b,POLICY_BLOCKED,POLICY-WAGLE-ATTACHMENT-STORAGE-INFRA
2c,USER_DASHBOARD,/markpoint (overlay),frontend/src/platform/markpoint/MarkpointUser.tsx (overlay state),레벨업 축하,,,,,,,,,real (level number/title/lifetime_earned),N/A (celebratory screen),"none (built from real fields, bonus-points placeholder=0)",shared/api/markpointApi.ts,"GET /api/me/markpoint/level,projection",domains/markpoint_target/service.py,LevelOut,markpoint_ledger (lifetime_earned-derived),API_PARTIAL,API_PARTIAL,NOT_APPLICABLE,EXTEND_EXISTING_API,EXTEND-MARKPOINT-LEVEL,Account-native,active family membership,family_id scoped,,,NO_CHANGE_REQUIRED,"PHASE C RECLASSIFIED (was PARTIAL_WIRING_PENDING): level/levelTitle were already real (W7.4). `bonusPoints: 0` is a disclosed absence, not a placeholder awaiting a field -- grep-confirmed no level-up bonus mechanic exists anywhere in the Ledger/mission pipeline. Awarding one is a real economy-affecting business-rule decision (amount, trigger timing, every level vs. milestone) that this task does not have authority to invent silently; recommended as its own small PM item, not built. See MarkpointUser.tsx's own comment at the LevelUpScreen call site.",2c,NO_CHANGE_REQUIRED,NONE
2e,ADMIN_DASHBOARD,/admin (nested),frontend/src/pages/AdminDashboard/views/MissionView/,미션 목록 관리,,,,,,,,,real (useMissionView),real (via useAdminData/usePointView/useMissionView/etc.),none,pages/AdminDashboard/api/adminApi.ts,"various /api/admin/* (see backend inventory, admin aggregator)",domains/admin/router.py (thin wrapper over mission/deduction/daily_point/player/notification services),"various (MissionResponse, DeductionResponse, PlayerListItem, NotificationResponse, etc.)","players,missions,deductions,daily_points,notifications (legacy)",EXISTING_API_READY,EXISTING_API_READY,NOT_APPLICABLE,NO_BACKEND_CHANGE_REQUIRED,,Legacy admin (require_admin),admin-only,N/A (legacy platform-wide admin),,,ALREADY_WIRED,,2e,ALREADY_WIRED,NONE
2f,FAMILY_CONTEXT,/family/members,frontend/src/features/family-members/FamilyMembersPage.tsx,자녀 초대 승인,,,,,,,,,fixture,none,childInvite.fixture.ts,none,"none matching (member creation requires pre-existing account_id via FamilyAdmin provisioning, not an invitee-initiated accept flow)","domains/family/service.py (member-accounts provisioning is the closest, wrong-direction analog)",none,"family_memberships (status=invited exists as an enum value, unused by any endpoint)",POLICY_REQUIRED,POLICY_REQUIRED,HUMAN_GATE,POLICY_BLOCKED,POLICY-FAMILY-INVITATION-MODEL,Account-native,FAMILY_MEMBERS_MANAGE (approver side),family_id scoped,,,POLICY_BLOCKED,"The screen implies a child-initiated join request a parent approves; the real backend only supports the reverse (FamilyAdmin provisions an Account with a one-time password). Whether to build a genuine child-initiated request/approve flow, or redirect the product to the provisioning flow instead, is a real product-direction decision, not just missing code.",2f,POLICY_BLOCKED,POLICY-FAMILY-INVITATION-MODEL
2g,WAGLE,/wagle (overlay),frontend/src/platform/wagle/WagleRoomView.tsx (overlay state),채팅 답장,,,,,,,,,"real (message body, no fixture)",none (reply not yet linked to parent),none,shared/api/wagleApi.ts (message send reused),"POST .../messages (MessageCreate schema, reply-to field unconfirmed)",domains/wagle/service.py,MessageCreate/MessageResponse,wagle_messages,API_PARTIAL,API_PARTIAL,NOT_APPLICABLE,EXTEND_EXISTING_API,EXTEND-WAGLE-MESSAGE-REPLY,Hybrid,room participant,family_id + room_id scoped,,,WIRED_AND_VERIFIED,"PHASE C COMPLETE: wagle_messages.reply_to_message_id already existed (unused by any endpoint) -- additive schema exposure on MessageCreate/MessageResponse, plus a same-room existence check in send_message (a client-supplied id must never be trusted to belong to this Room without a server lookup, same defensive shape as every other cross-entity check in that file). Design note: the frozen 2g overlay's own compose bar (`.inputText`) renders a static fixture string, not a real editable input -- real typing happens in WagleRoomView's always-real composer, which now carries the pending reply target through (banner shown, cancellable) rather than the overlay fabricating a draft. Read side: a real reply now shows a quoted preview of its parent's body in the message list (client-side lookup from the loaded page).",2g,WIRED_AND_VERIFIED,NONE
2h,USER_DASHBOARD,/markpoint (overlay),frontend/src/platform/markpoint/MarkpointUser.tsx (overlay state),교환 확인,,,,,,,,,fixture (balance patched real),none,exchangeConfirm.fixture.ts,none,POST .../ledger/adjustments (point-debit side only),domains/markpoint_target/service.py (ledger only),PointAdjustment,markpoint_ledger (no Reward table),API_MISSING,API_MISSING,NOT_APPLICABLE,CREATE_NEW_VERTICAL_SLICE,SLICE-REWARD-CATALOG,Account-native,active family membership,family_id scoped,,,WIRED_AND_VERIFIED,"PHASE D COMPLETE: onConfirm calls the real, idempotent redeem endpoint; insufficient-balance and no-longer-available both surface as real errors, not a silent success.",2h,WIRED_AND_VERIFIED,NONE
2i,ADMIN_DASHBOARD,/admin (nested),frontend/src/pages/AdminDashboard/views/DashboardView/,부모 대시보드,,,,,,,,,"real (useAdminData, DashboardView)",real (via useAdminData/usePointView/useMissionView/etc.),none,pages/AdminDashboard/api/adminApi.ts,"various /api/admin/* (see backend inventory, admin aggregator)",domains/admin/router.py (thin wrapper over mission/deduction/daily_point/player/notification services),"various (MissionResponse, DeductionResponse, PlayerListItem, NotificationResponse, etc.)","players,missions,deductions,daily_points,notifications (legacy)",EXISTING_API_READY,EXISTING_API_READY,NOT_APPLICABLE,NO_BACKEND_CHANGE_REQUIRED,,Legacy admin (require_admin),admin-only,N/A (legacy platform-wide admin),,,ALREADY_WIRED,,2i,ALREADY_WIRED,NONE
2j,USER_DASHBOARD,/markpoint (overlay),frontend/src/platform/markpoint/MarkpointUser.tsx (overlay state),리워드샵,,,,,,,,,fixture (balance patched real),none,rewardShop.fixture.ts,none,POST .../ledger/adjustments (point-debit side only),domains/markpoint_target/service.py (ledger only),PointAdjustment,markpoint_ledger (no Reward table),API_MISSING,API_MISSING,NOT_APPLICABLE,CREATE_NEW_VERTICAL_SLICE,SLICE-REWARD-CATALOG,Account-native,active family membership,family_id scoped,,,WIRED_AND_VERIFIED,"PHASE D COMPLETE: same real catalog as 1l, reached from the shop entry point.",2j,WIRED_AND_VERIFIED,NONE
2k,FAMILY_CONTEXT,/profile,frontend/src/pages/profile/ProfilePage.tsx,설정 전체 목록,,,,,,,,,static nav list (expanded fixture),N/A,"settingsList.fixture.ts (structural nav only, acceptable)",N/A,N/A (pure navigation list),N/A,N/A,N/A,NO_BACKEND_REQUIRED,NO_BACKEND_REQUIRED,NOT_APPLICABLE,NO_BACKEND_CHANGE_REQUIRED,,Account-native (route guard only),self,self,,,NO_CHANGE_REQUIRED,,2k,NO_CHANGE_REQUIRED,NONE
2l,ADMIN_DASHBOARD,/admin (nested),frontend/src/pages/AdminDashboard/views/MissionView/components/NewMissionModal.tsx,미션 만들기 폼,,,,,,,,,"real (useMissionView, NewMissionModal)",real (via useAdminData/usePointView/useMissionView/etc.),none,pages/AdminDashboard/api/adminApi.ts,"various /api/admin/* (see backend inventory, admin aggregator)",domains/admin/router.py (thin wrapper over mission/deduction/daily_point/player/notification services),"various (MissionResponse, DeductionResponse, PlayerListItem, NotificationResponse, etc.)","players,missions,deductions,daily_points,notifications (legacy)",EXISTING_API_READY,EXISTING_API_READY,NOT_APPLICABLE,NO_BACKEND_CHANGE_REQUIRED,,Legacy admin (require_admin),admin-only,N/A (legacy platform-wide admin),,,ALREADY_WIRED,,2l,ALREADY_WIRED,NONE
2m,ADMIN_DASHBOARD,/admin (nested),frontend/src/pages/AdminDashboard/views/MissionView/components/ActiveMissionDetailModal.tsx,미션 상세 폼,,,,,,,,,"real (useAdminData missions/players/cycle; W7.4 fixed the orphaned-component trigger, data itself was always real)",real (via useAdminData/usePointView/useMissionView/etc.),none,pages/AdminDashboard/api/adminApi.ts,"various /api/admin/* (see backend inventory, admin aggregator)",domains/admin/router.py (thin wrapper over mission/deduction/daily_point/player/notification services),"various (MissionResponse, DeductionResponse, PlayerListItem, NotificationResponse, etc.)","players,missions,deductions,daily_points,notifications (legacy)",EXISTING_API_READY,EXISTING_API_READY,NOT_APPLICABLE,NO_BACKEND_CHANGE_REQUIRED,,Legacy admin (require_admin),admin-only,N/A (legacy platform-wide admin),,,ALREADY_WIRED,,2m,ALREADY_WIRED,NONE
2n,FAMILY_CONTEXT,/profile,frontend/src/pages/profile/ProfilePage.tsx,알림 세부설정,,,,,,,,,fixture,none,notificationPreferences.fixture.ts,none,none,none,none,none (no per-account notification-preference table),API_MISSING,API_MISSING,NOT_APPLICABLE,CREATE_NEW_VERTICAL_SLICE,SLICE-NOTIFICATION-PREFERENCES,Account-native,self,self,,,WIRED_AND_VERIFIED,"PHASE D COMPLETE: new SLICE-NOTIFICATION-PREFERENCES (migration 0015, account_notification_preferences, self-service Account-native, no permission beyond authentication). Toggling a real preference item calls the real PUT; '시간대' stays static (no toggle exists on the frozen Screen for it).",2n,WIRED_AND_VERIFIED,NONE
2o,ADMIN_DASHBOARD,"/admin (nested, overlay)",frontend/src/pages/AdminDashboard/views/PointView/PointView.tsx (overlay state),포인트 정책 편집,,,,,,,,,fixture,none,pointPolicyEditor.fixture.ts,none,"GET/PUT /api/families/{family_id}/markpoint/config (CycleConfigOut/Update -- Account-native, different auth model than legacy admin views)",domains/markpoint_target/service.py,CycleConfigOut/CycleConfigUpdate,markpoint family config (per-family),API_PARTIAL,API_PARTIAL,HUMAN_GATE,EXTEND_EXISTING_API,EXTEND-MARKPOINT-CONFIG,MIXED -- this screen lives in the Legacy admin surface but its closest real backend analog is Account-native family-scoped,FAMILY_SERVICES_MANAGE (target) vs require_admin (current container),family_id scoped (target) vs platform-wide (current container),,,DESIGN_CONTRACT_MISMATCH,"PHASE C ATTEMPTED, RECLASSIFIED: this is not a missing field or a thin wiring gap -- the legacy admin surface (`require_admin`, platform-wide, no Family concept in its session at all) and `GET/PUT /api/families/{family_id}/markpoint/config` (Account-native, family-scoped) are two different authorization systems that cannot even present the same credential to each other. Bridging them (e.g. minting an implicit 'legacy admin acts as this family' authority) would cut directly across the RBAC separation this codebase has spent Waves 1-6 building (D7, 'FamilyAdmin is never automatically ServiceAdmin', no platform-admin-to-arbitrary-family authority exists anywhere). Needs a PM decision: (a) give the legacy admin surface a family-selector and call the family-scoped endpoint for whichever family is chosen -- a real new authorization-bridge feature, not a bug fix, or (b) defer this screen to a future Account-native admin surface. Not picked silently, per this task's own standing rule against forced-through auth-model mismatches (same discipline as 1u/2s's PIN mismatch).",2o,POLICY_REQUIRED/HUMAN_GATE,"POLICY-LEGACY-ADMIN-FAMILY-SCOPE-BRIDGE (new, this task)"
2p,FAMILY_CONTEXT,/family/members,frontend/src/features/family-members/FamilyMembersPage.tsx,초대 목록,,,,,,,,,fixture,none,invitationList.fixture.ts,none,GET /api/families/{family_id}/members (filter client-side on status=invited),domains/family/service.py,MembershipSummary,family_memberships,API_PARTIAL,API_PARTIAL,HUMAN_GATE,EXTEND_EXISTING_API,EXTEND-FAMILY-INVITATION-METADATA,Hybrid,FAMILY_MEMBERS_READ/MANAGE,family_id scoped,,,POLICY_BLOCKED,"PHASE C ATTEMPTED, RECLASSIFIED (was PARTIAL_WIRING_PENDING -- this task's own earlier 'list itself is coverable' framing was optimistic and is corrected here, same discipline as 1q/1u's mid-implementation corrections): the screen's own `Invitation` type is keyed on `email`, and D2 explicitly excludes email/phone from the Account-native credential model (username-only, grep-confirmed zero email field anywhere in the family domain). There is no real value to put in that field, and filtering the real member list by status='invited' would always be empty today besides -- that status is a defined-but-unused enum value with no real production flow ever setting it (confirmed, same finding as this row's original Phase 0 note). This is not a metadata gap on top of a workable list; the screen's data shape itself assumes an email-based invite model D2 already ruled out. Folded into the same POLICY-FAMILY-INVITATION-MODEL decision as 2f/2w, one level more specific: whatever invitation model is chosen must also decide the invitee identity key (username? in-app request? not email).",2p,POLICY_BLOCKED,POLICY-FAMILY-INVITATION-MODEL
2q,FAMILY_CONTEXT,/family/rules,frontend/src/features/family-rules/FamilyRulesPage.tsx,가족 규칙 안내,,,,,,,,,fixture (static guide copy),N/A,familyRulesGuide.fixture.ts (acceptable as static content),N/A,N/A (purely informational/static guide content),N/A,N/A,N/A,NO_BACKEND_REQUIRED,NO_BACKEND_REQUIRED,NOT_APPLICABLE,NO_BACKEND_CHANGE_REQUIRED,,Hybrid (route guard only),FAMILY_READ,family_id scoped,,,NO_CHANGE_REQUIRED,"Purely informational static guide text, not user data -- fixture is the correct long-term source, not a gap.",2q,NO_CHANGE_REQUIRED,NONE
2r,FAMILY_CONTEXT,/family/members,frontend/src/features/family-members/FamilyMembersPage.tsx,가족 활동 로그,,,,,,,,,fixture,none,familyActivityLog.fixture.ts,none,none,none,none,none (no activity-log/audit-feed table for family-level events),API_MISSING,API_MISSING,NOT_APPLICABLE,CREATE_NEW_VERTICAL_SLICE,SLICE-FAMILY-ACTIVITY-LOG,Hybrid,FAMILY_MEMBERS_READ,family_id scoped,,,WIRED_AND_VERIFIED,"PHASE D COMPLETE: new SLICE-FAMILY-ACTIVITY-LOG, read-only, no new table -- reads the existing MarkpointAuditEvent table (mission/ledger mutations already write it) rather than a parallel log, per the Slice Mapping's own recommendation. Real actor names resolved via family_service.get_account.",2r,WIRED_AND_VERIFIED,NONE
2s,AUTH_FLOW,/onboarding (step 2),frontend/src/features/family-onboarding/OnboardingFlowPage.tsx,PIN 최초 설정,,,,,,,,,fixture (PinInitialSetupScreen),"local digit-count state only, no save",pinInitialSetup.fixture.ts,none yet,PUT /api/me/wagle/device-pin (candidate reuse target),domains/wagle/realtime.py (device-pin),DevicePinUpdate (approx),wagle_device_pins,POLICY_REQUIRED,FRONTEND_ADAPTER_REQUIRED,HUMAN_GATE,POLICY_BLOCKED,WIRE-WAGLE-DEVICE-PIN,Account-native,self device,own device only,NONE,"Same mismatch as 1u (shared reuse target) -- real HTTP 400 confirmed, wiring reverted.",DESIGN_CONTRACT_MISMATCH,"PHASE B ATTEMPTED, REVERTED: real verification found a genuine contract mismatch, not missing wiring -- the backend requires a 6-digit PIN (""PIN은 숫자 6자리여야 합니다"", confirmed via real HTTP 400), while this frozen W7.3 canonical Screen has a 4-dot/4-key design. Extending the UI to 6 digits would be a visual-baseline redesign, explicitly out of W7.5 scope. Code reverted to its original local-state-only behavior. Reclassified DESIGN_CONTRACT_MISMATCH/HUMAN_GATE -- needs a PM decision (redesign the Screen to 6 digits, or relax the backend PIN-length requirement for this UX) before further engineering, not more effort against the current 4-digit design. Shares the same underlying reuse-target mismatch as 1u.",2s,DESIGN_CONTRACT_MISMATCH,DESIGN_CONTRACT_MISMATCH (PIN digit length) -- not a D6 item
2t,ADMIN_DASHBOARD,"/admin (nested, overlay)",frontend/src/pages/AdminDashboard/views/NotificationView/NotificationView.tsx (overlay state),관리자 알림 발송,,,,,,,,,fixture,none,adminNotificationSend.fixture.ts,none,"POST /api/admin/notifications (legacy, real, create notification)",domains/notification/service.py (via admin router),NotificationCreate/NotificationResponse,notifications (legacy),EXISTING_API_READY,EXISTING_API_READY,NOT_APPLICABLE,WIRE_EXISTING_API,WIRE-ADMIN-NOTIFICATION-SEND,Legacy admin,admin-only,N/A,NONE (fixture-only overlay),Real HTTP 201 POST /api/admin/notifications verified end-to-end (subject/message submitted via controlled inputs); DB cross-checked (notifications row created with matching title/body). Overlay correctly closes only on success.,WIRED_AND_VERIFIED,"High-confidence quick win: POST /api/admin/notifications already exists and matches this screen exactly (recipient/subject/message form -> NotificationCreate). W7.4 comment calling this a gap was premature -- the API exists, only the frontend call was never wired. PHASE B COMPLETE: added adminApi.createNotification(); AdminNotificationSendScreen inputs made controlled (were defaultValue-only) so real values can be submitted; onSend signature changed to pass {subject,message}; loading/error states added. Recipient targeting stays ""전체"" -- no per-family/per-member picker built (legacy admin surface has no family concept; flagged in code comment).",2t,WIRED_AND_VERIFIED,NONE
2u,FAMILY_CONTEXT,/family/schedule (overlay),frontend/src/features/family-schedule/FamilySchedulePage.tsx (view state),일정 상세,,,,,,,,,fixture,none,scheduleDetail.fixture.ts,none,"none (confirmed via grep, backend inventory)",none,none,none,API_MISSING,API_MISSING,NOT_APPLICABLE,CREATE_NEW_VERTICAL_SLICE,SLICE-SCHEDULE,Account-native,family membership,family_id scoped,,,WIRED_AND_VERIFIED,"PHASE D COMPLETE: real GET/DELETE /schedule-events/{id}; delete is a real button on the frozen Screen. Edit reopens 1o's Add screen (no distinct edit-mode model exists), not independently wired to PATCH.",2u,WIRED_AND_VERIFIED,NONE
2v,FAMILY_CONTEXT,/family/album (overlay),frontend/src/features/family-album/FamilyAlbumPage.tsx (view state),앨범 업로드 진행,,,,,,,,,fixture,none,albumUploadProgress.fixture.ts,none,none,none,none,none,POLICY_REQUIRED,POLICY_REQUIRED,HUMAN_GATE,POLICY_BLOCKED,POLICY-ALBUM-STORAGE-INFRA,Account-native,family membership,family_id scoped,,,POLICY_BLOCKED,"Binary file/photo upload requires an infra decision this repo has not made (no storage abstraction exists anywhere in backend/app -- local disk vs. S3-compatible object storage, size/type limits, CDN/serving strategy). Flagged as its own gate distinct from ordinary API_MISSING because it is an infra/ops choice, not just unbuilt CRUD.",2v,POLICY_BLOCKED,POLICY-ALBUM-STORAGE-INFRA
2w,FAMILY_CONTEXT,/onboarding (alternate branch),frontend/src/features/family-onboarding/OnboardingFlowPage.tsx,가족 초대 수락,,,,,,,,,fixture,none,familyInviteAcceptance.fixture.ts,none,none (no invite-code-based self-service join flow; member creation requires FamilyAdmin action),"domains/family/service.py (member creation is admin-initiated, wrong direction for this screen)",none,family_memberships,POLICY_REQUIRED,POLICY_REQUIRED,HUMAN_GATE,POLICY_BLOCKED,POLICY-FAMILY-INVITATION-MODEL,Account-native,self (joining account),target family_id,,,POLICY_BLOCKED,"Same underlying gap as 2f: self-service invite-code join (format, expiry, single/multi-use, who can generate a code) is a real security/product surface with no existing design, not just missing code. Recommend resolving 2f/2w/2p/3i together as one ""family invitation model"" policy decision rather than four separate ones.",2w,POLICY_BLOCKED,POLICY-FAMILY-INVITATION-MODEL
2x,ADMIN_DASHBOARD,/admin (nested),frontend/src/pages/AdminDashboard/views/DashboardView/,미션 통계 대시보드,,,,,,,,,"real (useAdminData, DashboardView)",real (via useAdminData/usePointView/useMissionView/etc.),none,pages/AdminDashboard/api/adminApi.ts,"various /api/admin/* (see backend inventory, admin aggregator)",domains/admin/router.py (thin wrapper over mission/deduction/daily_point/player/notification services),"various (MissionResponse, DeductionResponse, PlayerListItem, NotificationResponse, etc.)","players,missions,deductions,daily_points,notifications (legacy)",EXISTING_API_READY,EXISTING_API_READY,NOT_APPLICABLE,NO_BACKEND_CHANGE_REQUIRED,,Legacy admin (require_admin),admin-only,N/A (legacy platform-wide admin),,,ALREADY_WIRED,,2x,ALREADY_WIRED,NONE
2y,FAMILY_CONTEXT,/family/album (overlay),frontend/src/features/family-album/FamilyAlbumPage.tsx (view state),앨범 공유설정,,,,,,,,,fixture,none,albumShareSettings.fixture.ts,none,"none (confirmed via grep, backend inventory)",none,none,none,API_MISSING,API_MISSING,NOT_APPLICABLE,CREATE_NEW_VERTICAL_SLICE,SLICE-ALBUM-METADATA,Account-native,family membership,family_id scoped,,,SCREEN_PARTIALLY_COMPLETE (see CAPABILITY_STATUS),"PHASE D COMPLETE (read): real per-member enabled/disabled from shared_with_membership_ids. Write (PATCH, real and tested) not callable from this Screen: member rows are plain non-interactive <label>s with no click handler at all, same design-contract-gap shape as 2z/1v/1i.",2y-READ; 2y-WRITE,WIRED_AND_VERIFIED; API_READY_UI_BLOCKED,NONE; NONE
2z,FAMILY_CONTEXT,/profile,frontend/src/pages/profile/ProfilePage.tsx,프로필 편집,,,,,,,,,fixture,none,profileEdit.fixture.ts,none,none (no PATCH /api/me),none,none,"accounts (display_name exists, no avatar field confirmed)",API_MISSING,API_MISSING,NOT_APPLICABLE,EXTEND_EXISTING_API,EXTEND-ME-PROFILE,Account-native,self,self,,,SCREEN_PARTIALLY_COMPLETE (see CAPABILITY_STATUS),"PHASE C COMPLETE (read) / BLOCKED (write, design gap not backend gap): added PATCH /api/me (display_name/bio/birthday/avatar_color, additive columns on accounts, migration 0012) and PATCH /api/families/{family_id}/members/me (self-service relationship label, bypasses FAMILY_MEMBERS_MANAGE by design -- a member declaring their own role is not FamilyAdmin authority over someone else, and the schema has no status field so it can never activate/suspend/remove). ProfileEditScreen now displays these real values. Found while wiring: the frozen 2z canonical Screen has **no editable input anywhere** -- name/bio/birthday/familyRole render as plain non-editable <div>/<em> text and the color swatches have no click handler, so `onSave` has nothing on-screen to submit. The write endpoints are real and tested but intentionally not called from this Screen; wiring a fabricated save would invent a value the user never entered. Needs a PM/design decision to add real inputs before the write path can be used. Avatar upload stays POLICY_REQUIRED (storage infra, same as 2v).",2z-READ; 2z-WRITE_NAME_BIO_BIRTHDAY; 2z-WRITE_FAMILY_ROLE; 2z-AVATAR_UPLOAD,WIRED_AND_VERIFIED; API_READY_UI_BLOCKED; API_READY_UI_BLOCKED; POLICY_REQUIRED/HUMAN_GATE,NONE; NONE; NONE; POLICY-ALBUM-STORAGE-INFRA
3a,FAMILY_CONTEXT,/family/schedule (overlay),frontend/src/features/family-schedule/FamilySchedulePage.tsx (view state),가족 캘린더 공유,,,,,,,,,fixture,none,calendarShare.fixture.ts,none,"none (confirmed via grep, backend inventory)",none,none,none,API_MISSING,API_MISSING,NOT_APPLICABLE,CREATE_NEW_VERTICAL_SLICE,SLICE-SCHEDULE,Account-native,family membership,family_id scoped,,,OUT_OF_SLICE_SCOPE,"Stays fixture: Google/Apple Calendar sync and a webcal subscription link are a real external-service OAuth/feed-generation integration with no credentials or infra in this repository -- explicitly excluded from SLICE-SCHEDULE's own scope, same shape as the storage-infra gate.",3a,OUT_OF_SLICE_SCOPE,NONE
3b,ADMIN_DASHBOARD,"/admin (nested, overlay)",frontend/src/pages/AdminDashboard/views/DashboardView/DashboardView.tsx (overlay state),미션 통계 필터,,,,,,,,,fixture (onApply is a structural no-op),none,missionStatisticsFilter (no dedicated fixture file per W7.4 -- purely structural placeholder),none,"GET /api/admin/cycle-progress, GET /api/admin/weekly-summary (candidate reuse, exact filter-param fit unconfirmed)",domains/admin/router.py,unconfirmed (needs read),"missions,daily_points (legacy)",API_PARTIAL,API_PARTIAL,NOT_APPLICABLE,EXTEND_EXISTING_API,EXTEND-ADMIN-MISSION-STATS,Legacy admin,admin-only,N/A,,,DESIGN_CONTRACT_GAP,"PHASE C ATTEMPTED, RECLASSIFIED: backend fit-check done as planned -- GET /api/admin/cycle-progress (date_from/date_to) and /api/admin/weekly-summary (week_start, per-player per-day) both support real period filtering and would be WIRE_EXISTING_API-ready. But the frozen 3b canonical Screen has no functioning input to select a period/member/status from: both <select> elements are uncontrolled with exactly one hardcoded <option> each, the status row is three plain <b> labels with no click handler, and onApply takes no arguments at all. There is nothing on-screen to read a filter choice from, so nothing can be sent to either endpoint. Same design-contract-gap shape as 2z -- backend readiness confirmed, UI has no input control to wire it to.",3b,API_READY_UI_BLOCKED,NONE
3c,WAGLE,/wagle/board,frontend/src/platform/wagle/board/WagleBoardPage.tsx,가족 게시판,,,,,,,,,fixture,none,familyBoard.fixture.ts,none,none (confirmed TRUE_FUNCTIONAL_GAP in W7.4),none (recommend reuse of wagle rooms/messages rather than a new Post aggregate),none,none,API_MISSING,API_MISSING,NOT_APPLICABLE,REUSE_EXISTING_PRODUCT_LOGIC,REUSE-WAGLE-ROOMS-AS-BOARD,Hybrid,room participant,family_id scoped,,,WIRED_AND_VERIFIED,"PHASE D COMPLETE: REUSE-WAGLE-ROOMS-AS-BOARD, zero backend changes -- a dedicated WagleRoom (reserved sentinel title) is the board, posts are real WagleMessages with a `[category] title\nsummary` body encoding (no schema change). Live-verified end-to-end via a real browser session (Playwright) against an isolated stack: real post created via HTTP, rendered, opened.",3c,WIRED_AND_VERIFIED,NONE
3d,WAGLE,/wagle/board (overlay),frontend/src/platform/wagle/board/WagleBoardPage.tsx (overlay state),댓글 작성,,,,,,,,,fixture,none,commentComposer.fixture.ts,none,none (confirmed TRUE_FUNCTIONAL_GAP in W7.4),none (recommend reuse of wagle rooms/messages rather than a new Post aggregate),none,none,API_MISSING,API_MISSING,NOT_APPLICABLE,REUSE_EXISTING_PRODUCT_LOGIC,REUSE-WAGLE-ROOMS-AS-BOARD,Hybrid,room participant,family_id scoped,,,WIRED_AND_VERIFIED,PHASE D COMPLETE: a comment is a reply to a board post reusing 2g's own reply_to_message_id directly -- no second reply concept built. Live-verified in the same browser session as 3c: a real comment sent via the Screen's real input rendered in the thread.,3d,WIRED_AND_VERIFIED,NONE
3e,WAGLE,/wagle/board (overlay),frontend/src/platform/wagle/board/WagleBoardPage.tsx (overlay state),인기 게시글,,,,,,,,,fixture,none,popularPosts.fixture.ts,none,none,none,none,none (no reaction/like/view-count concept anywhere),API_MISSING,API_MISSING,NOT_APPLICABLE,CREATE_NEW_VERTICAL_SLICE,SLICE-WAGLE-BOARD-REACTIONS,Hybrid,room participant,family_id scoped,,,SCREEN_PARTIALLY_COMPLETE (see CAPABILITY_STATUS),"RESOLVED as IMPLEMENTATION_REQUIRED, not a PM policy gate (corrected from an earlier NEW_SLICE_REQUIRED/deferred framing): the reaction concept was already fully determined by the existing frozen Screens themselves -- both 3c and 3e already render '♥ likes · 💬 comments' as a core visual element, so building wagle_message_reactions (migration 0020, toggle semantics, one row per message+reactor) made an already-designed-for stat real rather than inventing a new concept. GET .../wagle/board/popular ranks real top-level board posts by reaction_count+comment_count within week/month/all, matching the Screen's own range labels exactly. Read side (real counts, real ranking) is wired into 3c and 3e. The reaction *toggle* itself has no click target in either frozen canonical Screen (no like button/callback exists in either FamilyBoardProps or PopularPostsProps) -- reacting is not reachable from this UI yet, same disclosed missing-input-control shape as 1i/1v/2y/2z/3b/3j, but the backend endpoint is real, tested, and exported from the frontend API client for a future UI trigger. 8 new backend tests (test_w75_phase_d_board_reactions.py), all pass.",3e-READ_RANKING; 3e-REACTION_TOGGLE,WIRED_AND_VERIFIED; API_READY_UI_BLOCKED,NONE; GATE-3E-REACTION-TOGGLE
3f,FAMILY_CONTEXT,/profile,frontend/src/pages/profile/ProfilePage.tsx,언어 설정,,,,,,,,,fixture,none,languageSettings.fixture.ts,none,none,none,none,none,NO_BACKEND_REQUIRED,NO_BACKEND_REQUIRED,ASSUMED_DEFAULT_DISCLOSED,NO_BACKEND_CHANGE_REQUIRED,,none,self (client-only),self device,,,CLIENT_ONLY_ASSUMED,"Disclosed assumption, not fabricated policy: language pref kept client-only (localStorage) for W7.5, reversible, no cross-device sync. Revisit only if PM wants sync.",3f,CLIENT_ONLY_ASSUMED,NONE
3g,FAMILY_CONTEXT,/profile,frontend/src/pages/profile/ProfilePage.tsx,화면 테마 설정,,,,,,,,,fixture,none,themeSettings.fixture.ts,none,none,none,none,none,NO_BACKEND_REQUIRED,NO_BACKEND_REQUIRED,ASSUMED_DEFAULT_DISCLOSED,NO_BACKEND_CHANGE_REQUIRED,,none,self (client-only),self device,,,CLIENT_ONLY_ASSUMED,Same disclosed client-only assumption as 3f.,3g,CLIENT_ONLY_ASSUMED,NONE
3h,FAMILY_CONTEXT,/profile,frontend/src/pages/profile/ProfilePage.tsx,계정 탈퇴 확인,,,,,,,,,fixture,"none, deliberately no-op",accountDeletionConfirm.fixture.ts,N/A,"none (confirmed via repo-wide grep, W7.4)",none,none,none,POLICY_REQUIRED,POLICY_REQUIRED,HUMAN_GATE,POLICY_BLOCKED,POLICY-ACCOUNT-DELETION,Account-native,self,self + cascading family/ledger/message data,,,POLICY_BLOCKED,"TRUE_FUNCTIONAL_GAP carried from W7.4. Undecided: deletion target scope, family-ownership transfer, membership handling, message/ledger retention, soft-delete vs anonymization, recovery window, reauth, audit, legal/operational retention. No destructive mutation built ahead of PM decision.",3h,POLICY_BLOCKED,POLICY-ACCOUNT-DELETION
3i,FAMILY_CONTEXT,/family/members,frontend/src/features/family-members/FamilyMembersPage.tsx,가족 초대 취소,,,,,,,,,fixture,none,familyInviteCancel.fixture.ts,none,"PATCH /api/families/{family_id}/members/{membership_id} (status update, if enum supports a cancel/revoke value)",domains/family/service.py,MembershipUpdate,family_memberships,API_PARTIAL,API_PARTIAL,NOT_APPLICABLE,EXTEND_EXISTING_API,EXTEND-FAMILY-INVITATION-METADATA,Hybrid,FAMILY_MEMBERS_MANAGE,family_id scoped,,,POLICY_BLOCKED,"PHASE C CONFIRMED BLOCKED (no change from Phase 0 finding): cancel semantics cannot be built before the invitation model itself is decided, per the same POLICY-FAMILY-INVITATION-MODEL gate as 2f/2w/2p. 2p's own re-investigation this phase additionally found the invitee-identity-key question (email doesn't exist under D2) folds into this same decision.",3i,POLICY_BLOCKED,POLICY-FAMILY-INVITATION-MODEL
3j,FAMILY_CONTEXT,/family/search,frontend/src/features/family-search/FamilySearchPage.tsx,검색 전체,,,,,,,,,fixture,none,searchAll.fixture.ts,none,"none (confirmed zero matches for ""search"" anywhere in backend/app)",none,none,none,API_MISSING,API_MISSING,NOT_APPLICABLE,CREATE_NEW_VERTICAL_SLICE,SLICE-SEARCH,Hybrid,family membership (per-source-domain),family_id scoped,,,DESIGN_CONTRACT_GAP,"PHASE D: new SLICE-SEARCH backend built and tested (GET /api/families/{id}/search?q=, cross-entity over Markpoint mission titles + the caller's own visible Wagle messages, scoped first pass per the Slice Mapping -- Album/Schedule search deliberately not folded in despite now existing, to keep this Slice's declared scope from growing mid-implementation). Design-contract gap found while wiring, same shape as 2z/3b: the frozen Screen's search box is a static <span>, not an <input>, and its only entry link (FamilyLanding) passes no query -- nothing on this Screen a real query could come from, so the real endpoint is not called from it.",3j,API_READY_UI_BLOCKED,NONE
3k,FAMILY_CONTEXT,/profile,frontend/src/pages/profile/ProfilePage.tsx,위젯 갤러리,,,,,,,,,fixture,none,widgetGallery.fixture.ts,none,none,none,none,none,NO_BACKEND_REQUIRED,NO_BACKEND_REQUIRED,ASSUMED_DEFAULT_DISCLOSED,NO_BACKEND_CHANGE_REQUIRED,,none,self (client-only),self device,,,CLIENT_ONLY_ASSUMED,"Widget layout kept client-only (localStorage) for W7.5, same disclosed-assumption pattern as 3f/3g.",3k,CLIENT_ONLY_ASSUMED,NONE
3l,FAMILY_CONTEXT,/profile,frontend/src/pages/profile/ProfilePage.tsx,바로가기 편집,,,,,,,,,fixture,none,shortcutEditor.fixture.ts,none,none,none,none,none,NO_BACKEND_REQUIRED,NO_BACKEND_REQUIRED,ASSUMED_DEFAULT_DISCLOSED,NO_BACKEND_CHANGE_REQUIRED,,none,self (client-only),self device,,,CLIENT_ONLY_ASSUMED,Same disclosed client-only assumption as 3k.,3l,CLIENT_ONLY_ASSUMED,NONE
