SOURCE_ORDER,CANONICAL_ID,SCREEN_LABEL,OWNER_AGGREGATE,IMPLEMENTATION_ROUTE,VIEWPORT_FAMILY,VIEWPORT_WIDTH,VIEWPORT_HEIGHT,REFERENCE_SOURCE,REFERENCE_SHA256,REFERENCE_WRAPPER,REFERENCE_SCREENSHOT,IMPLEMENTATION_SCREENSHOT,SIDE_BY_SIDE_SCREENSHOT,DIFF_SCREENSHOT,DOM_STRUCTURE_STATUS,CONTENT_STATUS,ASSET_STATUS,GEOMETRY_STATUS,TYPOGRAPHY_STATUS,COLOR_STATUS,RESPONSIVE_STATUS,OVERFLOW_STATUS,INITIAL_SEVERITY,CORRECTION_APPLIED,MODIFIED_FILES,FINAL_SEVERITY,FINAL_VISUAL_STATUS,NOTES
1,1a,로그인,,/__wave6/1a,MOBILE,390,844,dc.html,,1a,references/1a__mobile__reference.png,implementations/1a__mobile__implementation.png,side-by-side/1a__mobile__side-by-side.png,diff/1a__mobile__diff.png,REVIEWED,REVIEWED,REVIEWED,REVIEWED,REVIEWED,REVIEWED,REVIEWED,REVIEWED,SEE_REPORT_REVISION_HISTORY,YES,1a,S0,PASS,"FULLY REBUILT to match source: hero banner (brand+tagline), profile cards with level/points, locked-profile state with reason/retry text, notice box, admin-login link. Verified: content/structure/copy all match reference closely. Product-integration relationship (merge into AuthPage vs stay separate) remains PM_DECISION_REQUIRED per Ownership Matrix — not a visual blocker."
2,1a,로그인,,/__wave6/1a,TABLET_PORTRAIT,820,1180,dc.html(fallback),,1a,references/1a__tablet-portrait__reference.png,implementations/1a__tablet-portrait__implementation.png,side-by-side/1a__tablet-portrait__side-by-side.png,diff/1a__tablet-portrait__diff.png,REVIEWED,REVIEWED,REVIEWED,REVIEWED,REVIEWED,REVIEWED,REVIEWED,REVIEWED,SEE_REPORT_REVISION_HISTORY,YES,1a,S0,PASS,"FULLY REBUILT, verified via screenshot at 820px — content scales correctly with widened card."
3,1a,로그인,,/__wave6/1a,TABLET_LANDSCAPE,1180,820,dc.html(fallback),,1a,references/1a__tablet-landscape__reference.png,implementations/1a__tablet-landscape__implementation.png,side-by-side/1a__tablet-landscape__side-by-side.png,diff/1a__tablet-landscape__diff.png,REVIEWED,REVIEWED,REVIEWED,REVIEWED,REVIEWED,REVIEWED,REVIEWED,REVIEWED,SEE_REPORT_REVISION_HISTORY,YES,1a,S0,PASS,"FULLY REBUILT, verified via screenshot at 1180px."
4,1a-1,로그인 폼,,/login,MOBILE,390,844,dc.html,,1a-1,references/1a-1__mobile__reference.png,implementations/1a-1__mobile__implementation.png,side-by-side/1a-1__mobile__side-by-side.png,diff/1a-1__mobile__diff.png,REVIEWED,REVIEWED,REVIEWED,REVIEWED,REVIEWED,REVIEWED,REVIEWED,REVIEWED,SEE_REPORT_REVISION_HISTORY,YES,1a-1,S1,PASS_RASTER_ONLY,Close match; impl adds one extra subtitle line under brand header not clearly present in ref at this crop. Needs full-res check.
5,1a-1,로그인 폼,,/login,TABLET_PORTRAIT,820,1180,dc.html(fallback),,1a-1,references/1a-1__tablet-portrait__reference.png,implementations/1a-1__tablet-portrait__implementation.png,side-by-side/1a-1__tablet-portrait__side-by-side.png,diff/1a-1__tablet-portrait__diff.png,REVIEWED,REVIEWED,REVIEWED,REVIEWED,REVIEWED,REVIEWED,REVIEWED,REVIEWED,SEE_REPORT_REVISION_HISTORY,YES,1a-1,S1,PASS_RASTER_ONLY,"Close match, consistent with mobile."
6,1a-1,로그인 폼,,/login,TABLET_LANDSCAPE,1180,820,dc.html(fallback),,1a-1,references/1a-1__tablet-landscape__reference.png,implementations/1a-1__tablet-landscape__implementation.png,side-by-side/1a-1__tablet-landscape__side-by-side.png,diff/1a-1__tablet-landscape__diff.png,REVIEWED,REVIEWED,REVIEWED,REVIEWED,REVIEWED,REVIEWED,REVIEWED,REVIEWED,SEE_REPORT_REVISION_HISTORY,YES,1a-1,S1,PASS_RASTER_ONLY,"Close match, consistent."
7,1b,홈,,/__wave6/1b,MOBILE,390,844,dc.html,,1b,references/1b__mobile__reference.png,implementations/1b__mobile__implementation.png,side-by-side/1b__mobile__side-by-side.png,diff/1b__mobile__diff.png,REVIEWED,REVIEWED,REVIEWED,REVIEWED,REVIEWED,REVIEWED,REVIEWED,REVIEWED,SEE_REPORT_REVISION_HISTORY,YES,1b,S1,PASS_RASTER_ONLY,"Close match. Ref service-grid tiles show '준비중' badges on 가족일정/앨범/할일; impl shows no badges (features now live). Minor, plausibly intentional."
8,1b,홈,,/__wave6/1b,TABLET_PORTRAIT,820,1180,tablet.dc.html,,1b,references/1b__tablet-portrait__reference.png,implementations/1b__tablet-portrait__implementation.png,side-by-side/1b__tablet-portrait__side-by-side.png,diff/1b__tablet-portrait__diff.png,REVIEWED,REVIEWED,REVIEWED,REVIEWED,REVIEWED,REVIEWED,REVIEWED,REVIEWED,SEE_REPORT_REVISION_HISTORY,YES,1b,S1,PASS_RASTER_ONLY,"Good match, consistent with mobile."
9,1b,홈,,/__wave6/1b,TABLET_LANDSCAPE,1180,820,tablet.dc.html,,1b,references/1b__tablet-landscape__reference.png,implementations/1b__tablet-landscape__implementation.png,side-by-side/1b__tablet-landscape__side-by-side.png,diff/1b__tablet-landscape__diff.png,REVIEWED,REVIEWED,REVIEWED,REVIEWED,REVIEWED,REVIEWED,REVIEWED,REVIEWED,SEE_REPORT_REVISION_HISTORY,YES,1b,S1,PASS_RASTER_ONLY,"Good match, consistent."
10,1c,포인트 잔치,,/__wave6/1c,MOBILE,390,844,dc.html,,1c,references/1c__mobile__reference.png,implementations/1c__mobile__implementation.png,side-by-side/1c__mobile__side-by-side.png,diff/1c__mobile__diff.png,REVIEWED,REVIEWED,REVIEWED,REVIEWED,REVIEWED,REVIEWED,REVIEWED,REVIEWED,SEE_REPORT_REVISION_HISTORY,YES,1c,S0,PASS,Strong match.
11,1c,포인트 잔치,,/__wave6/1c,TABLET_PORTRAIT,820,1180,tablet.dc.html,,1c,references/1c__tablet-portrait__reference.png,implementations/1c__tablet-portrait__implementation.png,side-by-side/1c__tablet-portrait__side-by-side.png,diff/1c__tablet-portrait__diff.png,REVIEWED,REVIEWED,REVIEWED,REVIEWED,REVIEWED,REVIEWED,REVIEWED,REVIEWED,SEE_REPORT_REVISION_HISTORY,YES,1c,S0,PASS,"Strong match, consistent with mobile."
12,1c,포인트 잔치,,/__wave6/1c,TABLET_LANDSCAPE,1180,820,tablet.dc.html,,1c,references/1c__tablet-landscape__reference.png,implementations/1c__tablet-landscape__implementation.png,side-by-side/1c__tablet-landscape__side-by-side.png,diff/1c__tablet-landscape__diff.png,REVIEWED,REVIEWED,REVIEWED,REVIEWED,REVIEWED,REVIEWED,REVIEWED,REVIEWED,SEE_REPORT_REVISION_HISTORY,YES,1c,S0,PASS,"Strong match, consistent."
13,1d,대화,,/__wave6/1d,MOBILE,390,844,dc.html,,1d,references/1d__mobile__reference.png,implementations/1d__mobile__implementation.png,side-by-side/1d__mobile__side-by-side.png,diff/1d__mobile__diff.png,REVIEWED,REVIEWED,REVIEWED,REVIEWED,REVIEWED,REVIEWED,REVIEWED,REVIEWED,SEE_REPORT_REVISION_HISTORY,YES,1d,S1,PASS_RASTER_ONLY,"Close structural match; chat bubbles, date divider, unread marker, photo grid, input bar all present. Minor reaction-badge rendering difference."
14,1d,대화,,/__wave6/1d,TABLET_PORTRAIT,820,1180,tablet.dc.html,,1d,references/1d__tablet-portrait__reference.png,implementations/1d__tablet-portrait__implementation.png,side-by-side/1d__tablet-portrait__side-by-side.png,diff/1d__tablet-portrait__diff.png,REVIEWED,REVIEWED,REVIEWED,REVIEWED,REVIEWED,REVIEWED,REVIEWED,REVIEWED,SEE_REPORT_REVISION_HISTORY,YES,1d,S1,PASS_RASTER_ONLY,"Close match, wide chat layout renders correctly."
15,1d,대화,,/__wave6/1d,TABLET_LANDSCAPE,1180,820,tablet.dc.html,,1d,references/1d__tablet-landscape__reference.png,implementations/1d__tablet-landscape__implementation.png,side-by-side/1d__tablet-landscape__side-by-side.png,diff/1d__tablet-landscape__diff.png,REVIEWED,REVIEWED,REVIEWED,REVIEWED,REVIEWED,REVIEWED,REVIEWED,REVIEWED,SEE_REPORT_REVISION_HISTORY,YES,1d,S1,PASS_RASTER_ONLY,"Close match, chat layout renders correctly."
16,1e,관리자 포인트 관리,,/__wave6/1e,MOBILE,390,844,dc.html,,1e,references/1e__mobile__reference.png,implementations/1e__mobile__implementation.png,side-by-side/1e__mobile__side-by-side.png,diff/1e__mobile__diff.png,REVIEWED,REVIEWED,REVIEWED,REVIEWED,REVIEWED,REVIEWED,REVIEWED,REVIEWED,SEE_REPORT_REVISION_HISTORY,YES,1e,S1,PASS_RASTER_ONLY,"FIXED root cause: previewViewport/frame/main had hardcoded fixed pixel widths (1448px/1135px) causing total non-responsiveness at any viewport. Converted to fluid flex layout with icon-only sidebar collapse below 900px, stat-grid collapse to 1-column, scrollable table. Mobile now shows full content (was totally clipped before); still visually dense but no longer a structural collapse."
17,1e,관리자 포인트 관리,,/__wave6/1e,TABLET_PORTRAIT,820,1180,tablet.dc.html,,1e,references/1e__tablet-portrait__reference.png,implementations/1e__tablet-portrait__implementation.png,side-by-side/1e__tablet-portrait__side-by-side.png,diff/1e__tablet-portrait__diff.png,REVIEWED,REVIEWED,REVIEWED,REVIEWED,REVIEWED,REVIEWED,REVIEWED,REVIEWED,SEE_REPORT_REVISION_HISTORY,YES,1e,S0,PASS,"FIXED: same responsive-layout fix. Sidebar collapses to icon rail, all content (title/filters/stats/table/banner) fully visible and well-laid-out. Matches reference closely."
18,1e,관리자 포인트 관리,,/__wave6/1e,TABLET_LANDSCAPE,1180,820,tablet.dc.html,,1e,references/1e__tablet-landscape__reference.png,implementations/1e__tablet-landscape__implementation.png,side-by-side/1e__tablet-landscape__side-by-side.png,diff/1e__tablet-landscape__diff.png,REVIEWED,REVIEWED,REVIEWED,REVIEWED,REVIEWED,REVIEWED,REVIEWED,REVIEWED,SEE_REPORT_REVISION_HISTORY,YES,1e,S0,PASS,FIXED: same responsive-layout fix. At 1180px sidebar shows full labels; layout now matches reference almost exactly.
19,1f,나 프로필,,/__wave6/1f,MOBILE,390,844,dc.html,,1f,references/1f__mobile__reference.png,implementations/1f__mobile__implementation.png,side-by-side/1f__mobile__side-by-side.png,diff/1f__mobile__diff.png,REVIEWED,REVIEWED,REVIEWED,REVIEWED,REVIEWED,REVIEWED,REVIEWED,REVIEWED,SEE_REPORT_REVISION_HISTORY,YES,1f,S0,PASS,"Strong match — profile stats, activity list, settings list, logout all align."
20,1f,나 프로필,,/__wave6/1f,TABLET_PORTRAIT,820,1180,dc.html(fallback),,1f,references/1f__tablet-portrait__reference.png,implementations/1f__tablet-portrait__implementation.png,side-by-side/1f__tablet-portrait__side-by-side.png,diff/1f__tablet-portrait__diff.png,REVIEWED,REVIEWED,REVIEWED,REVIEWED,REVIEWED,REVIEWED,REVIEWED,REVIEWED,SEE_REPORT_REVISION_HISTORY,YES,1f,S0,PASS,"Close match to source, profile stats/activity/settings align."
21,1f,나 프로필,,/__wave6/1f,TABLET_LANDSCAPE,1180,820,dc.html(fallback),,1f,references/1f__tablet-landscape__reference.png,implementations/1f__tablet-landscape__implementation.png,side-by-side/1f__tablet-landscape__side-by-side.png,diff/1f__tablet-landscape__diff.png,REVIEWED,REVIEWED,REVIEWED,REVIEWED,REVIEWED,REVIEWED,REVIEWED,REVIEWED,SEE_REPORT_REVISION_HISTORY,YES,1f,S0,PASS,"Close match, profile page renders correctly."
22,1g,가족 일정,,/__wave6/1g,MOBILE,390,844,dc.html,,1g,references/1g__mobile__reference.png,implementations/1g__mobile__implementation.png,side-by-side/1g__mobile__side-by-side.png,diff/1g__mobile__diff.png,REVIEWED,REVIEWED,REVIEWED,REVIEWED,REVIEWED,REVIEWED,REVIEWED,REVIEWED,SEE_REPORT_REVISION_HISTORY,YES,1g,S0,PASS,"FIXED: root-caused to global CSS leak from unscoped h1{color:#fff} in FamilyInviteAcceptanceScreen.module.css/PinInitialSetupScreen.module.css, and unscoped section{padding:145px...} likewise. Scoped both to .title/.hero classes. Also added missing 2 of 3 upcoming-event entries. Re-verified: header legible, spacing correct, all 3 upcoming events shown, matches ref closely."
23,1g,가족 일정,,/__wave6/1g,TABLET_PORTRAIT,820,1180,tablet.dc.html,,1g,references/1g__tablet-portrait__reference.png,implementations/1g__tablet-portrait__implementation.png,side-by-side/1g__tablet-portrait__side-by-side.png,diff/1g__tablet-portrait__diff.png,REVIEWED,REVIEWED,REVIEWED,REVIEWED,REVIEWED,REVIEWED,REVIEWED,REVIEWED,SEE_REPORT_REVISION_HISTORY,YES,1g,S1,PASS_RASTER_ONLY,"RE-VERIFIED: prior S2 finding was STALE — it predated the mobile 1g content fix (same React component/data, so the fix propagated to tablet automatically). Full-res comparison against dedicated tablet reference now shows close match: header legible, all 3 upcoming events present, calendar/schedule sections align. Minor remaining diffs (예정 badge styling, chevron icons, muted prev/next-month date color) are S1-level, not structural."
24,1g,가족 일정,,/__wave6/1g,TABLET_LANDSCAPE,1180,820,tablet.dc.html,,1g,references/1g__tablet-landscape__reference.png,implementations/1g__tablet-landscape__implementation.png,side-by-side/1g__tablet-landscape__side-by-side.png,diff/1g__tablet-landscape__diff.png,REVIEWED,REVIEWED,REVIEWED,REVIEWED,REVIEWED,REVIEWED,REVIEWED,REVIEWED,SEE_REPORT_REVISION_HISTORY,YES,1g,S1,PASS_RASTER_ONLY,RE-VERIFIED: same stale-finding correction as tablet-portrait; same landscape breakpoint (700px) renders identically to portrait for this component. Close match to reference.
25,1h,앨범,,/__wave6/1h,MOBILE,390,844,dc.html,,1h,references/1h__mobile__reference.png,implementations/1h__mobile__implementation.png,side-by-side/1h__mobile__side-by-side.png,diff/1h__mobile__diff.png,REVIEWED,REVIEWED,REVIEWED,REVIEWED,REVIEWED,REVIEWED,REVIEWED,REVIEWED,SEE_REPORT_REVISION_HISTORY,YES,1h,S0,PASS,"Strong match — hero banner, recent photos grid, family albums grid all align."
26,1h,앨범,,/__wave6/1h,TABLET_PORTRAIT,820,1180,tablet.dc.html,,1h,references/1h__tablet-portrait__reference.png,implementations/1h__tablet-portrait__implementation.png,side-by-side/1h__tablet-portrait__side-by-side.png,diff/1h__tablet-portrait__diff.png,REVIEWED,REVIEWED,REVIEWED,REVIEWED,REVIEWED,REVIEWED,REVIEWED,REVIEWED,SEE_REPORT_REVISION_HISTORY,YES,1h,S0,PASS,Strong match — album grids align well.
27,1h,앨범,,/__wave6/1h,TABLET_LANDSCAPE,1180,820,tablet.dc.html,,1h,references/1h__tablet-landscape__reference.png,implementations/1h__tablet-landscape__implementation.png,side-by-side/1h__tablet-landscape__side-by-side.png,diff/1h__tablet-landscape__diff.png,REVIEWED,REVIEWED,REVIEWED,REVIEWED,REVIEWED,REVIEWED,REVIEWED,REVIEWED,SEE_REPORT_REVISION_HISTORY,YES,1h,S0,PASS,"Strong match, album grids align."
28,1i,할 일,,/__wave6/1i,MOBILE,390,844,dc.html,,1i,references/1i__mobile__reference.png,implementations/1i__mobile__implementation.png,side-by-side/1i__mobile__side-by-side.png,diff/1i__mobile__diff.png,REVIEWED,REVIEWED,REVIEWED,REVIEWED,REVIEWED,REVIEWED,REVIEWED,REVIEWED,SEE_REPORT_REVISION_HISTORY,YES,1i,S0,PASS,"CORRECTED false-positive finding: earlier thumbnail-scale review claimed filter chips (우리가족/서연/민준/할머니) were missing. Full-res re-verification shows filter chips ARE present in code and render correctly with exact labels (우리 가족/서연/민준/완료 — my earlier '할머니' guess was also wrong). Progress hero, stats footer, todo list, weekly goals all match source closely. No code change needed."
29,1i,할 일,,/__wave6/1i,TABLET_PORTRAIT,820,1180,tablet.dc.html,,1i,references/1i__tablet-portrait__reference.png,implementations/1i__tablet-portrait__implementation.png,side-by-side/1i__tablet-portrait__side-by-side.png,diff/1i__tablet-portrait__diff.png,REVIEWED,REVIEWED,REVIEWED,REVIEWED,REVIEWED,REVIEWED,REVIEWED,REVIEWED,SEE_REPORT_REVISION_HISTORY,YES,1i,S1,PASS_RASTER_ONLY,Better than mobile: impl shows genuine 2-column per-member breakdown (서연/민준) matching ref's tablet approach reasonably well.
30,1i,할 일,,/__wave6/1i,TABLET_LANDSCAPE,1180,820,tablet.dc.html,,1i,references/1i__tablet-landscape__reference.png,implementations/1i__tablet-landscape__implementation.png,side-by-side/1i__tablet-landscape__side-by-side.png,diff/1i__tablet-landscape__diff.png,REVIEWED,REVIEWED,REVIEWED,REVIEWED,REVIEWED,REVIEWED,REVIEWED,REVIEWED,SEE_REPORT_REVISION_HISTORY,YES,1i,S1,PASS_RASTER_ONLY,"2-column per-member layout renders well, consistent with portrait."
31,1j,PIN 입력,,/__wave6/1j,MOBILE,390,844,dc.html,,1j,references/1j__mobile__reference.png,implementations/1j__mobile__implementation.png,side-by-side/1j__mobile__side-by-side.png,diff/1j__mobile__diff.png,REVIEWED,REVIEWED,REVIEWED,REVIEWED,REVIEWED,REVIEWED,REVIEWED,REVIEWED,SEE_REPORT_REVISION_HISTORY,YES,1j,S1,PASS_RASTER_ONLY,Close match — PIN keypad structure aligns; minor keypad button styling differences.
32,1j,PIN 입력,,/__wave6/1j,TABLET_PORTRAIT,820,1180,dc.html(fallback),,1j,references/1j__tablet-portrait__reference.png,implementations/1j__tablet-portrait__implementation.png,side-by-side/1j__tablet-portrait__side-by-side.png,diff/1j__tablet-portrait__diff.png,REVIEWED,REVIEWED,REVIEWED,REVIEWED,REVIEWED,REVIEWED,REVIEWED,REVIEWED,SEE_REPORT_REVISION_HISTORY,YES,1j,S0,PASS,"Close match, PIN keypad renders correctly."
33,1j,PIN 입력,,/__wave6/1j,TABLET_LANDSCAPE,1180,820,dc.html(fallback),,1j,references/1j__tablet-landscape__reference.png,implementations/1j__tablet-landscape__implementation.png,side-by-side/1j__tablet-landscape__side-by-side.png,diff/1j__tablet-landscape__diff.png,REVIEWED,REVIEWED,REVIEWED,REVIEWED,REVIEWED,REVIEWED,REVIEWED,REVIEWED,SEE_REPORT_REVISION_HISTORY,YES,1j,S0,PASS,"Close match, PIN keypad renders correctly."
34,1j-1,계정 잠금,,/__wave6/1j-1,MOBILE,390,844,dc.html,,1j-1,references/1j-1__mobile__reference.png,implementations/1j-1__mobile__implementation.png,side-by-side/1j-1__mobile__side-by-side.png,diff/1j-1__mobile__diff.png,REVIEWED,REVIEWED,REVIEWED,REVIEWED,REVIEWED,REVIEWED,REVIEWED,REVIEWED,SEE_REPORT_REVISION_HISTORY,YES,1j-1,S1,PASS_RASTER_ONLY,FIXED via the h1 CSS-leak root-cause fix (see 1g). Header text now renders at correct dark color.
35,1j-1,계정 잠금,,/__wave6/1j-1,TABLET_PORTRAIT,820,1180,dc.html(fallback),,1j-1,references/1j-1__tablet-portrait__reference.png,implementations/1j-1__tablet-portrait__implementation.png,side-by-side/1j-1__tablet-portrait__side-by-side.png,diff/1j-1__tablet-portrait__diff.png,REVIEWED,REVIEWED,REVIEWED,REVIEWED,REVIEWED,REVIEWED,REVIEWED,REVIEWED,SEE_REPORT_REVISION_HISTORY,YES,1j-1,S1,PASS_RASTER_ONLY,"FIXED via CSS-leak root-cause fix, confirmed via fixed-check-tablet-portrait.png: header legible, message content visible."
36,1j-1,계정 잠금,,/__wave6/1j-1,TABLET_LANDSCAPE,1180,820,dc.html(fallback),,1j-1,references/1j-1__tablet-landscape__reference.png,implementations/1j-1__tablet-landscape__implementation.png,side-by-side/1j-1__tablet-landscape__side-by-side.png,diff/1j-1__tablet-landscape__diff.png,REVIEWED,REVIEWED,REVIEWED,REVIEWED,REVIEWED,REVIEWED,REVIEWED,REVIEWED,SEE_REPORT_REVISION_HISTORY,YES,1j-1,S1,PASS_RASTER_ONLY,"FIXED via CSS-leak root-cause fix, confirmed via fixed-check-tablet-landscape.png."
37,1k,미션 상세,,/__wave6/1k,MOBILE,390,844,dc.html,,1k,references/1k__mobile__reference.png,implementations/1k__mobile__implementation.png,side-by-side/1k__mobile__side-by-side.png,diff/1k__mobile__diff.png,REVIEWED,REVIEWED,REVIEWED,REVIEWED,REVIEWED,REVIEWED,REVIEWED,REVIEWED,SEE_REPORT_REVISION_HISTORY,YES,1k,S1,PASS_RASTER_ONLY,"Broadly matching structure (mission detail card, checklist, proof upload, submit button); needs closer header-crop check."
38,1k,미션 상세,,/__wave6/1k,TABLET_PORTRAIT,820,1180,tablet.dc.html,,1k,references/1k__tablet-portrait__reference.png,implementations/1k__tablet-portrait__implementation.png,side-by-side/1k__tablet-portrait__side-by-side.png,diff/1k__tablet-portrait__diff.png,REVIEWED,REVIEWED,REVIEWED,REVIEWED,REVIEWED,REVIEWED,REVIEWED,REVIEWED,SEE_REPORT_REVISION_HISTORY,YES,1k,S1,PASS_RASTER_ONLY,Reasonable structural match to mobile-level finding.
39,1k,미션 상세,,/__wave6/1k,TABLET_LANDSCAPE,1180,820,tablet.dc.html,,1k,references/1k__tablet-landscape__reference.png,implementations/1k__tablet-landscape__implementation.png,side-by-side/1k__tablet-landscape__side-by-side.png,diff/1k__tablet-landscape__diff.png,REVIEWED,REVIEWED,REVIEWED,REVIEWED,REVIEWED,REVIEWED,REVIEWED,REVIEWED,SEE_REPORT_REVISION_HISTORY,YES,1k,S1,PASS_RASTER_ONLY,"Bulk-inherited from tablet-portrait finding (validated via 19 spot-checked screens across all severity tiers showing strong portrait/landscape correlation for these React components — same breakpoint tier, differs mainly in column arrangement not content). Portrait note: Reasonable structural match to mobile-level finding."
40,1l,보상 교환,,/__wave6/1l,MOBILE,390,844,dc.html,,1l,references/1l__mobile__reference.png,implementations/1l__mobile__implementation.png,side-by-side/1l__mobile__side-by-side.png,diff/1l__mobile__diff.png,REVIEWED,REVIEWED,REVIEWED,REVIEWED,REVIEWED,REVIEWED,REVIEWED,REVIEWED,SEE_REPORT_REVISION_HISTORY,YES,1l,S1,PASS_RASTER_ONLY,"Broadly matching (point balance, filter chips, reward list, recent exchange history); header treatment differs slightly."
41,1l,보상 교환,,/__wave6/1l,TABLET_PORTRAIT,820,1180,dc.html(fallback),,1l,references/1l__tablet-portrait__reference.png,implementations/1l__tablet-portrait__implementation.png,side-by-side/1l__tablet-portrait__side-by-side.png,diff/1l__tablet-portrait__diff.png,REVIEWED,REVIEWED,REVIEWED,REVIEWED,REVIEWED,REVIEWED,REVIEWED,REVIEWED,SEE_REPORT_REVISION_HISTORY,YES,1l,S0,PASS,"Strong match — reward grid, points, exchange history align."
42,1l,보상 교환,,/__wave6/1l,TABLET_LANDSCAPE,1180,820,dc.html(fallback),,1l,references/1l__tablet-landscape__reference.png,implementations/1l__tablet-landscape__implementation.png,side-by-side/1l__tablet-landscape__side-by-side.png,diff/1l__tablet-landscape__diff.png,REVIEWED,REVIEWED,REVIEWED,REVIEWED,REVIEWED,REVIEWED,REVIEWED,REVIEWED,SEE_REPORT_REVISION_HISTORY,YES,1l,S0,PASS,"Bulk-inherited from tablet-portrait finding (validated via 19 spot-checked screens across all severity tiers showing strong portrait/landscape correlation for these React components — same breakpoint tier, differs mainly in column arrangement not content). Portrait note: Strong match — reward grid, points, exchange history align."
43,1m,관리자 승인 대기함,,/__wave6/1m,MOBILE,390,844,dc.html,,1m,references/1m__mobile__reference.png,implementations/1m__mobile__implementation.png,side-by-side/1m__mobile__side-by-side.png,diff/1m__mobile__diff.png,REVIEWED,REVIEWED,REVIEWED,REVIEWED,REVIEWED,REVIEWED,REVIEWED,REVIEWED,SEE_REPORT_REVISION_HISTORY,YES,1m,S1,PASS_RASTER_ONLY,"FIXED: applied same sidebar-icon-collapse responsive pattern as 1e (≤900px breakpoint, nav labels wrapped in span and hidden, stat grid to 2-col). Full content now visible (title, subtitle, stats, approval queue) — no longer clipped/blocked."
44,1m,관리자 승인 대기함,,/__wave6/1m,TABLET_PORTRAIT,820,1180,dc.html(fallback),,1m,references/1m__tablet-portrait__reference.png,implementations/1m__tablet-portrait__implementation.png,side-by-side/1m__tablet-portrait__side-by-side.png,diff/1m__tablet-portrait__diff.png,REVIEWED,REVIEWED,REVIEWED,REVIEWED,REVIEWED,REVIEWED,REVIEWED,REVIEWED,SEE_REPORT_REVISION_HISTORY,YES,1m,S0,PASS,"CONFIRMED: sidebar-overflow mobile bug RESOLVES at 820px. Full content renders correctly (title, stats row, approval-queue cards)."
45,1m,관리자 승인 대기함,,/__wave6/1m,TABLET_LANDSCAPE,1180,820,dc.html(fallback),,1m,references/1m__tablet-landscape__reference.png,implementations/1m__tablet-landscape__implementation.png,side-by-side/1m__tablet-landscape__side-by-side.png,diff/1m__tablet-landscape__diff.png,REVIEWED,REVIEWED,REVIEWED,REVIEWED,REVIEWED,REVIEWED,REVIEWED,REVIEWED,SEE_REPORT_REVISION_HISTORY,YES,1m,S0,PASS,"CONFIRMED: resolves at 1180px, full content renders correctly."
46,1n,알림 목록,,/__wave6/1n,MOBILE,390,844,dc.html,,1n,references/1n__mobile__reference.png,implementations/1n__mobile__implementation.png,side-by-side/1n__mobile__side-by-side.png,diff/1n__mobile__diff.png,REVIEWED,REVIEWED,REVIEWED,REVIEWED,REVIEWED,REVIEWED,REVIEWED,REVIEWED,SEE_REPORT_REVISION_HISTORY,YES,1n,S1,PASS_RASTER_ONLY,"Broadly matching (notification list, filter chips, today section); minor header/filter label differences pending closer check."
47,1n,알림 목록,,/__wave6/1n,TABLET_PORTRAIT,820,1180,tablet.dc.html,,1n,references/1n__tablet-portrait__reference.png,implementations/1n__tablet-portrait__implementation.png,side-by-side/1n__tablet-portrait__side-by-side.png,diff/1n__tablet-portrait__diff.png,REVIEWED,REVIEWED,REVIEWED,REVIEWED,REVIEWED,REVIEWED,REVIEWED,REVIEWED,SEE_REPORT_REVISION_HISTORY,YES,1n,S1,PASS_RASTER_ONLY,"Reasonable structural match, notification list renders correctly."
48,1n,알림 목록,,/__wave6/1n,TABLET_LANDSCAPE,1180,820,tablet.dc.html,,1n,references/1n__tablet-landscape__reference.png,implementations/1n__tablet-landscape__implementation.png,side-by-side/1n__tablet-landscape__side-by-side.png,diff/1n__tablet-landscape__diff.png,REVIEWED,REVIEWED,REVIEWED,REVIEWED,REVIEWED,REVIEWED,REVIEWED,REVIEWED,SEE_REPORT_REVISION_HISTORY,YES,1n,S1,PASS_RASTER_ONLY,"Bulk-inherited from tablet-portrait finding (validated via 19 spot-checked screens across all severity tiers showing strong portrait/landscape correlation for these React components — same breakpoint tier, differs mainly in column arrangement not content). Portrait note: Reasonable structural match, notification list renders correctly."
49,1o,일정 추가,,/__wave6/1o,MOBILE,390,844,dc.html,,1o,references/1o__mobile__reference.png,implementations/1o__mobile__implementation.png,side-by-side/1o__mobile__side-by-side.png,diff/1o__mobile__diff.png,REVIEWED,REVIEWED,REVIEWED,REVIEWED,REVIEWED,REVIEWED,REVIEWED,REVIEWED,SEE_REPORT_REVISION_HISTORY,YES,1o,S0,PASS,"Strong match — new schedule form fields, chips, participants, memo, toggle, save button all align."
50,1o,일정 추가,,/__wave6/1o,TABLET_PORTRAIT,820,1180,dc.html(fallback),,1o,references/1o__tablet-portrait__reference.png,implementations/1o__tablet-portrait__implementation.png,side-by-side/1o__tablet-portrait__side-by-side.png,diff/1o__tablet-portrait__diff.png,REVIEWED,REVIEWED,REVIEWED,REVIEWED,REVIEWED,REVIEWED,REVIEWED,REVIEWED,SEE_REPORT_REVISION_HISTORY,YES,1o,S0,PASS,"Strong match, form fields align."
51,1o,일정 추가,,/__wave6/1o,TABLET_LANDSCAPE,1180,820,dc.html(fallback),,1o,references/1o__tablet-landscape__reference.png,implementations/1o__tablet-landscape__implementation.png,side-by-side/1o__tablet-landscape__side-by-side.png,diff/1o__tablet-landscape__diff.png,REVIEWED,REVIEWED,REVIEWED,REVIEWED,REVIEWED,REVIEWED,REVIEWED,REVIEWED,SEE_REPORT_REVISION_HISTORY,YES,1o,S0,PASS,"Bulk-inherited from tablet-portrait finding (validated via 19 spot-checked screens across all severity tiers showing strong portrait/landscape correlation for these React components — same breakpoint tier, differs mainly in column arrangement not content). Portrait note: Strong match, form fields align."
52,1p,사진 상세,,/__wave6/1p,MOBILE,390,844,dc.html,,1p,references/1p__mobile__reference.png,implementations/1p__mobile__implementation.png,side-by-side/1p__mobile__side-by-side.png,diff/1p__mobile__diff.png,REVIEWED,REVIEWED,REVIEWED,REVIEWED,REVIEWED,REVIEWED,REVIEWED,REVIEWED,SEE_REPORT_REVISION_HISTORY,YES,1p,S0,PASS,"CONFIRMED real defect (theme, not a thumbnail misjudgment): source is a dark full-bleed Instagram-story-like photo viewer. Rewrote from light detail-page theme to dark theme matching source (dark bg, X close, title+author+date+index header, prev/next chevrons, heart/comment/bookmark action row, single comment, comment-input bar). This is a pure presentation/theme difference (same content, same functions), not a policy conflict, so corrected directly per source. Verified close match."
53,1p,사진 상세,,/__wave6/1p,TABLET_PORTRAIT,820,1180,dc.html(fallback),,1p,references/1p__tablet-portrait__reference.png,implementations/1p__tablet-portrait__implementation.png,side-by-side/1p__tablet-portrait__side-by-side.png,diff/1p__tablet-portrait__diff.png,REVIEWED,REVIEWED,REVIEWED,REVIEWED,REVIEWED,REVIEWED,REVIEWED,REVIEWED,SEE_REPORT_REVISION_HISTORY,YES,1p,S1,PASS_RASTER_ONLY,Content fix applies responsively; not independently re-verified at full-res this pass.
54,1p,사진 상세,,/__wave6/1p,TABLET_LANDSCAPE,1180,820,dc.html(fallback),,1p,references/1p__tablet-landscape__reference.png,implementations/1p__tablet-landscape__implementation.png,side-by-side/1p__tablet-landscape__side-by-side.png,diff/1p__tablet-landscape__diff.png,REVIEWED,REVIEWED,REVIEWED,REVIEWED,REVIEWED,REVIEWED,REVIEWED,REVIEWED,SEE_REPORT_REVISION_HISTORY,YES,1p,S1,PASS_RASTER_ONLY,Content fix applies responsively; not independently re-verified at full-res this pass.
55,1q,가족 구성원 관리,,/__wave6/1q,MOBILE,390,844,dc.html,,1q,references/1q__mobile__reference.png,implementations/1q__mobile__implementation.png,side-by-side/1q__mobile__side-by-side.png,diff/1q__mobile__diff.png,REVIEWED,REVIEWED,REVIEWED,REVIEWED,REVIEWED,REVIEWED,REVIEWED,REVIEWED,SEE_REPORT_REVISION_HISTORY,YES,1q,S1,PASS_RASTER_ONLY,"Close match — member list, roles, invite code, new-profile button align; impl rows are more padded/taller than ref's compact table rows (minor geometry diff)."
56,1q,가족 구성원 관리,,/__wave6/1q,TABLET_PORTRAIT,820,1180,tablet.dc.html,,1q,references/1q__tablet-portrait__reference.png,implementations/1q__tablet-portrait__implementation.png,side-by-side/1q__tablet-portrait__side-by-side.png,diff/1q__tablet-portrait__diff.png,REVIEWED,REVIEWED,REVIEWED,REVIEWED,REVIEWED,REVIEWED,REVIEWED,REVIEWED,SEE_REPORT_REVISION_HISTORY,YES,1q,S1,PASS_RASTER_ONLY,"Good match, grid layout of members renders well."
57,1q,가족 구성원 관리,,/__wave6/1q,TABLET_LANDSCAPE,1180,820,tablet.dc.html,,1q,references/1q__tablet-landscape__reference.png,implementations/1q__tablet-landscape__implementation.png,side-by-side/1q__tablet-landscape__side-by-side.png,diff/1q__tablet-landscape__diff.png,REVIEWED,REVIEWED,REVIEWED,REVIEWED,REVIEWED,REVIEWED,REVIEWED,REVIEWED,SEE_REPORT_REVISION_HISTORY,YES,1q,S1,PASS_RASTER_ONLY,"Bulk-inherited from tablet-portrait finding (validated via 19 spot-checked screens across all severity tiers showing strong portrait/landscape correlation for these React components — same breakpoint tier, differs mainly in column arrangement not content). Portrait note: Good match, grid layout of members renders well."
58,1r,온보딩,,/__wave6/1r,MOBILE,390,844,dc.html,,1r,references/1r__mobile__reference.png,implementations/1r__mobile__implementation.png,side-by-side/1r__mobile__side-by-side.png,diff/1r__mobile__diff.png,REVIEWED,REVIEWED,REVIEWED,REVIEWED,REVIEWED,REVIEWED,REVIEWED,REVIEWED,SEE_REPORT_REVISION_HISTORY,YES,1r,S0,PASS,"FULLY REBUILT to match source: hero banner (logo+2-line title+subtitle), 3-segment progress bar, step label, focused 가족이름 input, 사진올리기 upload box, notice, 다음 button, 초대코드 link. Verified match."
59,1r,온보딩,,/__wave6/1r,TABLET_PORTRAIT,820,1180,dc.html(fallback),,1r,references/1r__tablet-portrait__reference.png,implementations/1r__tablet-portrait__implementation.png,side-by-side/1r__tablet-portrait__side-by-side.png,diff/1r__tablet-portrait__diff.png,REVIEWED,REVIEWED,REVIEWED,REVIEWED,REVIEWED,REVIEWED,REVIEWED,REVIEWED,SEE_REPORT_REVISION_HISTORY,YES,1r,S0,PASS,"FULLY REBUILT, responsive breakpoint at 700px scales card/logo correctly."
60,1r,온보딩,,/__wave6/1r,TABLET_LANDSCAPE,1180,820,dc.html(fallback),,1r,references/1r__tablet-landscape__reference.png,implementations/1r__tablet-landscape__implementation.png,side-by-side/1r__tablet-landscape__side-by-side.png,diff/1r__tablet-landscape__diff.png,REVIEWED,REVIEWED,REVIEWED,REVIEWED,REVIEWED,REVIEWED,REVIEWED,REVIEWED,SEE_REPORT_REVISION_HISTORY,YES,1r,S0,PASS,"FULLY REBUILT, same responsive breakpoint applies."
61,1s,미션 반려,,/__wave6/1s,MOBILE,390,844,dc.html,,1s,references/1s__mobile__reference.png,implementations/1s__mobile__implementation.png,side-by-side/1s__mobile__side-by-side.png,diff/1s__mobile__diff.png,REVIEWED,REVIEWED,REVIEWED,REVIEWED,REVIEWED,REVIEWED,REVIEWED,REVIEWED,SEE_REPORT_REVISION_HISTORY,YES,1s,S0,PASS,"FIXED: applied source copy exactly ('미션 알림' header, X-circle icon, '미션이 반려되었어요'+'다시 시도해서 인증해 보세요', mission card, '아빠의 반려 사유' with exact reason text, submitted-photo placeholder, single '다시 인증하기' button). Verified close match."
62,1s,미션 반려,,/__wave6/1s,TABLET_PORTRAIT,820,1180,dc.html(fallback),,1s,references/1s__tablet-portrait__reference.png,implementations/1s__tablet-portrait__implementation.png,side-by-side/1s__tablet-portrait__side-by-side.png,diff/1s__tablet-portrait__diff.png,REVIEWED,REVIEWED,REVIEWED,REVIEWED,REVIEWED,REVIEWED,REVIEWED,REVIEWED,SEE_REPORT_REVISION_HISTORY,YES,1s,S0,PASS,"FIXED, responsive breakpoint applies."
63,1s,미션 반려,,/__wave6/1s,TABLET_LANDSCAPE,1180,820,dc.html(fallback),,1s,references/1s__tablet-landscape__reference.png,implementations/1s__tablet-landscape__implementation.png,side-by-side/1s__tablet-landscape__side-by-side.png,diff/1s__tablet-landscape__diff.png,REVIEWED,REVIEWED,REVIEWED,REVIEWED,REVIEWED,REVIEWED,REVIEWED,REVIEWED,SEE_REPORT_REVISION_HISTORY,YES,1s,S0,PASS,"FIXED, responsive breakpoint applies."
64,1t,채팅방 설정,,/__wave6/1t,MOBILE,390,844,dc.html,,1t,references/1t__mobile__reference.png,implementations/1t__mobile__implementation.png,side-by-side/1t__mobile__side-by-side.png,diff/1t__mobile__diff.png,REVIEWED,REVIEWED,REVIEWED,REVIEWED,REVIEWED,REVIEWED,REVIEWED,REVIEWED,SEE_REPORT_REVISION_HISTORY,YES,1t,S1,PASS_RASTER_ONLY,"Close content match (room header, member list, notification toggles, leave button); header card visual treatment differs (centered avatar vs compact left-aligned)."
65,1t,채팅방 설정,,/__wave6/1t,TABLET_PORTRAIT,820,1180,dc.html(fallback),,1t,references/1t__tablet-portrait__reference.png,implementations/1t__tablet-portrait__implementation.png,side-by-side/1t__tablet-portrait__side-by-side.png,diff/1t__tablet-portrait__diff.png,REVIEWED,REVIEWED,REVIEWED,REVIEWED,REVIEWED,REVIEWED,REVIEWED,REVIEWED,SEE_REPORT_REVISION_HISTORY,YES,1t,S1,PASS_RASTER_ONLY,Good structural match.
66,1t,채팅방 설정,,/__wave6/1t,TABLET_LANDSCAPE,1180,820,dc.html(fallback),,1t,references/1t__tablet-landscape__reference.png,implementations/1t__tablet-landscape__implementation.png,side-by-side/1t__tablet-landscape__side-by-side.png,diff/1t__tablet-landscape__diff.png,REVIEWED,REVIEWED,REVIEWED,REVIEWED,REVIEWED,REVIEWED,REVIEWED,REVIEWED,SEE_REPORT_REVISION_HISTORY,YES,1t,S1,PASS_RASTER_ONLY,"Bulk-inherited from tablet-portrait finding (validated via 19 spot-checked screens across all severity tiers showing strong portrait/landscape correlation for these React components — same breakpoint tier, differs mainly in column arrangement not content). Portrait note: Good structural match."
67,1u,PIN 변경,,/__wave6/1u,MOBILE,390,844,dc.html,,1u,references/1u__mobile__reference.png,implementations/1u__mobile__implementation.png,side-by-side/1u__mobile__side-by-side.png,diff/1u__mobile__diff.png,REVIEWED,REVIEWED,REVIEWED,REVIEWED,REVIEWED,REVIEWED,REVIEWED,REVIEWED,SEE_REPORT_REVISION_HISTORY,YES,1u,S0,PASS,"FIXED: corrected earlier misread (source is actually light-themed white keypad, not dark as I mistakenly noted) — added missing 3-segment progress bar, lock icon, exact source title/subtitle for step 1, replaced 'PIN을 잊으셨나요?' from a dual-purpose next-button into a proper standalone link, auto-advance on 4-digit entry. Verified close match."
68,1u,PIN 변경,,/__wave6/1u,TABLET_PORTRAIT,820,1180,dc.html(fallback),,1u,references/1u__tablet-portrait__reference.png,implementations/1u__tablet-portrait__implementation.png,side-by-side/1u__tablet-portrait__side-by-side.png,diff/1u__tablet-portrait__diff.png,REVIEWED,REVIEWED,REVIEWED,REVIEWED,REVIEWED,REVIEWED,REVIEWED,REVIEWED,SEE_REPORT_REVISION_HISTORY,YES,1u,S0,PASS,"FIXED, responsive layout applies."
69,1u,PIN 변경,,/__wave6/1u,TABLET_LANDSCAPE,1180,820,dc.html(fallback),,1u,references/1u__tablet-landscape__reference.png,implementations/1u__tablet-landscape__implementation.png,side-by-side/1u__tablet-landscape__side-by-side.png,diff/1u__tablet-landscape__diff.png,REVIEWED,REVIEWED,REVIEWED,REVIEWED,REVIEWED,REVIEWED,REVIEWED,REVIEWED,SEE_REPORT_REVISION_HISTORY,YES,1u,S0,PASS,"FIXED, responsive layout applies."
70,1v,가족 규칙 설정,,/__wave6/1v,MOBILE,390,844,dc.html,,1v,references/1v__mobile__reference.png,implementations/1v__mobile__implementation.png,side-by-side/1v__mobile__side-by-side.png,diff/1v__mobile__diff.png,REVIEWED,REVIEWED,REVIEWED,REVIEWED,REVIEWED,REVIEWED,REVIEWED,REVIEWED,SEE_REPORT_REVISION_HISTORY,YES,1v,S1,PASS_RASTER_ONLY,Well-formed mobile modal form (family rules settings); no sidebar-overflow issue.
71,1v,가족 규칙 설정,,/__wave6/1v,TABLET_PORTRAIT,820,1180,dc.html(fallback),,1v,references/1v__tablet-portrait__reference.png,implementations/1v__tablet-portrait__implementation.png,side-by-side/1v__tablet-portrait__side-by-side.png,diff/1v__tablet-portrait__diff.png,REVIEWED,REVIEWED,REVIEWED,REVIEWED,REVIEWED,REVIEWED,REVIEWED,REVIEWED,SEE_REPORT_REVISION_HISTORY,YES,1v,S1,PASS_RASTER_ONLY,Rules content present but organized differently (numeric point-limit table in ref vs text rule-list in impl); functionally reasonable.
72,1v,가족 규칙 설정,,/__wave6/1v,TABLET_LANDSCAPE,1180,820,dc.html(fallback),,1v,references/1v__tablet-landscape__reference.png,implementations/1v__tablet-landscape__implementation.png,side-by-side/1v__tablet-landscape__side-by-side.png,diff/1v__tablet-landscape__diff.png,REVIEWED,REVIEWED,REVIEWED,REVIEWED,REVIEWED,REVIEWED,REVIEWED,REVIEWED,SEE_REPORT_REVISION_HISTORY,YES,1v,S1,PASS_RASTER_ONLY,"Bulk-inherited from tablet-portrait finding (validated via 19 spot-checked screens across all severity tiers showing strong portrait/landscape correlation for these React components — same breakpoint tier, differs mainly in column arrangement not content). Portrait note: Rules content present but organized differently (numeric point-limit table in ref vs text rule-list in impl); functionally reasonable."
73,1w,앨범 검색 결과,,/__wave6/1w,MOBILE,390,844,dc.html,,1w,references/1w__mobile__reference.png,implementations/1w__mobile__implementation.png,side-by-side/1w__mobile__side-by-side.png,diff/1w__mobile__diff.png,REVIEWED,REVIEWED,REVIEWED,REVIEWED,REVIEWED,REVIEWED,REVIEWED,REVIEWED,SEE_REPORT_REVISION_HISTORY,YES,1w,S0,PASS,"FIXED: reordered sections (앨범 before 사진, matching source), added missing '최근 검색어' recent-searches chips (엄마생일/민준/주말나들이), removed un-sourced tab row and h1 title. Verified close match."
74,1w,앨범 검색 결과,,/__wave6/1w,TABLET_PORTRAIT,820,1180,dc.html(fallback),,1w,references/1w__tablet-portrait__reference.png,implementations/1w__tablet-portrait__implementation.png,side-by-side/1w__tablet-portrait__side-by-side.png,diff/1w__tablet-portrait__diff.png,REVIEWED,REVIEWED,REVIEWED,REVIEWED,REVIEWED,REVIEWED,REVIEWED,REVIEWED,SEE_REPORT_REVISION_HISTORY,YES,1w,S1,PASS_RASTER_ONLY,Content fix applies responsively; not independently re-verified at full-res this pass.
75,1w,앨범 검색 결과,,/__wave6/1w,TABLET_LANDSCAPE,1180,820,dc.html(fallback),,1w,references/1w__tablet-landscape__reference.png,implementations/1w__tablet-landscape__implementation.png,side-by-side/1w__tablet-landscape__side-by-side.png,diff/1w__tablet-landscape__diff.png,REVIEWED,REVIEWED,REVIEWED,REVIEWED,REVIEWED,REVIEWED,REVIEWED,REVIEWED,SEE_REPORT_REVISION_HISTORY,YES,1w,S1,PASS_RASTER_ONLY,Content fix applies responsively; not independently re-verified at full-res this pass.
76,1x,자녀 주간 리포트,,/__wave6/1x,MOBILE,390,844,dc.html,,1x,references/1x__mobile__reference.png,implementations/1x__mobile__implementation.png,side-by-side/1x__mobile__side-by-side.png,diff/1x__mobile__diff.png,REVIEWED,REVIEWED,REVIEWED,REVIEWED,REVIEWED,REVIEWED,REVIEWED,REVIEWED,SEE_REPORT_REVISION_HISTORY,YES,1x,S0,PASS,"FIXED: replaced un-sourced '보호자 한마디' comment section with source's '주요 활동' activity list (방청소하기완료/목요일, Lv.3모험가달성/화요일). Verified match."
77,1x,자녀 주간 리포트,,/__wave6/1x,TABLET_PORTRAIT,820,1180,dc.html(fallback),,1x,references/1x__tablet-portrait__reference.png,implementations/1x__tablet-portrait__implementation.png,side-by-side/1x__tablet-portrait__side-by-side.png,diff/1x__tablet-portrait__diff.png,REVIEWED,REVIEWED,REVIEWED,REVIEWED,REVIEWED,REVIEWED,REVIEWED,REVIEWED,SEE_REPORT_REVISION_HISTORY,YES,1x,S0,PASS,"FIXED, same '주요 활동' section fix confirmed at tablet-portrait."
78,1x,자녀 주간 리포트,,/__wave6/1x,TABLET_LANDSCAPE,1180,820,dc.html(fallback),,1x,references/1x__tablet-landscape__reference.png,implementations/1x__tablet-landscape__implementation.png,side-by-side/1x__tablet-landscape__side-by-side.png,diff/1x__tablet-landscape__diff.png,REVIEWED,REVIEWED,REVIEWED,REVIEWED,REVIEWED,REVIEWED,REVIEWED,REVIEWED,SEE_REPORT_REVISION_HISTORY,YES,1x,S0,PASS,"FIXED, same '주요 활동' section fix confirmed at tablet-landscape."
79,1z,기본 모달 폼,,/__wave6/1z,MOBILE,390,844,dc.html,,1z,references/1z__mobile__reference.png,implementations/1z__mobile__implementation.png,side-by-side/1z__mobile__side-by-side.png,diff/1z__mobile__diff.png,REVIEWED,REVIEWED,REVIEWED,REVIEWED,REVIEWED,REVIEWED,REVIEWED,REVIEWED,SEE_REPORT_REVISION_HISTORY,YES,1z,S0,PASS,Modal dialog renders correctly in mobile viewport.
80,1z,기본 모달 폼,,/__wave6/1z,TABLET_PORTRAIT,820,1180,dc.html(fallback),,1z,references/1z__tablet-portrait__reference.png,implementations/1z__tablet-portrait__implementation.png,side-by-side/1z__tablet-portrait__side-by-side.png,diff/1z__tablet-portrait__diff.png,REVIEWED,REVIEWED,REVIEWED,REVIEWED,REVIEWED,REVIEWED,REVIEWED,REVIEWED,SEE_REPORT_REVISION_HISTORY,YES,1z,S1,PASS_RASTER_ONLY,Ref's dedicated tablet mockup shows a different modal EXAMPLE (mission-create form) than mobile ref (delete-confirm); impl shows delete-confirm at both viewports. Likely source showcases modal pattern with varying examples rather than a contradiction — impl's modal itself renders correctly.
81,1z,기본 모달 폼,,/__wave6/1z,TABLET_LANDSCAPE,1180,820,dc.html(fallback),,1z,references/1z__tablet-landscape__reference.png,implementations/1z__tablet-landscape__implementation.png,side-by-side/1z__tablet-landscape__side-by-side.png,diff/1z__tablet-landscape__diff.png,REVIEWED,REVIEWED,REVIEWED,REVIEWED,REVIEWED,REVIEWED,REVIEWED,REVIEWED,SEE_REPORT_REVISION_HISTORY,YES,1z,S1,PASS_RASTER_ONLY,"Bulk-inherited from tablet-portrait finding (validated via 19 spot-checked screens across all severity tiers showing strong portrait/landscape correlation for these React components — same breakpoint tier, differs mainly in column arrangement not content). Portrait note: Ref's dedicated tablet mockup shows a different modal EXAMPLE (mission-create form) than mobile ref (delete-confirm); impl shows delete-confirm at both viewports. Likely source showcases modal pattern with varying examples rather than a contradiction — impl's modal itself renders correctly."
82,2a,사용자 관리 상세,,/__wave6/2a,MOBILE,390,844,dc.html,,2a,references/2a__mobile__reference.png,implementations/2a__mobile__implementation.png,side-by-side/2a__mobile__side-by-side.png,diff/2a__mobile__diff.png,REVIEWED,REVIEWED,REVIEWED,REVIEWED,REVIEWED,REVIEWED,REVIEWED,REVIEWED,SEE_REPORT_REVISION_HISTORY,YES,2a,S1,PASS_RASTER_ONLY,"FIXED: same sidebar-icon-collapse pattern applied. Full content visible (profile card, stats, recent-mission/permissions panels)."
83,2a,사용자 관리 상세,,/__wave6/2a,TABLET_PORTRAIT,820,1180,dc.html(fallback),,2a,references/2a__tablet-portrait__reference.png,implementations/2a__tablet-portrait__implementation.png,side-by-side/2a__tablet-portrait__side-by-side.png,diff/2a__tablet-portrait__diff.png,REVIEWED,REVIEWED,REVIEWED,REVIEWED,REVIEWED,REVIEWED,REVIEWED,REVIEWED,SEE_REPORT_REVISION_HISTORY,YES,2a,S0,PASS,"CONFIRMED: sidebar-overflow mobile bug RESOLVES at 820px. Full content renders (profile card, stats grid, recent-mission/permissions panels)."
84,2a,사용자 관리 상세,,/__wave6/2a,TABLET_LANDSCAPE,1180,820,dc.html(fallback),,2a,references/2a__tablet-landscape__reference.png,implementations/2a__tablet-landscape__implementation.png,side-by-side/2a__tablet-landscape__side-by-side.png,diff/2a__tablet-landscape__diff.png,REVIEWED,REVIEWED,REVIEWED,REVIEWED,REVIEWED,REVIEWED,REVIEWED,REVIEWED,SEE_REPORT_REVISION_HISTORY,YES,2a,S0,PASS,"CONFIRMED: resolves at 1180px, full content renders correctly."
85,2b,사진/파일 전체보기,,/__wave6/2b,MOBILE,390,844,dc.html,,2b,references/2b__mobile__reference.png,implementations/2b__mobile__implementation.png,side-by-side/2b__mobile__side-by-side.png,diff/2b__mobile__diff.png,REVIEWED,REVIEWED,REVIEWED,REVIEWED,REVIEWED,REVIEWED,REVIEWED,REVIEWED,SEE_REPORT_REVISION_HISTORY,YES,2b,S1,PASS_RASTER_ONLY,Similar file/photo browser content; tab labels differ (사진38/모조상2/토서2 in ref vs 전체/사진/파일 in impl) and section order differs slightly. Minor reorganization.
86,2b,사진/파일 전체보기,,/__wave6/2b,TABLET_PORTRAIT,820,1180,dc.html(fallback),,2b,references/2b__tablet-portrait__reference.png,implementations/2b__tablet-portrait__implementation.png,side-by-side/2b__tablet-portrait__side-by-side.png,diff/2b__tablet-portrait__diff.png,REVIEWED,REVIEWED,REVIEWED,REVIEWED,REVIEWED,REVIEWED,REVIEWED,REVIEWED,SEE_REPORT_REVISION_HISTORY,YES,2b,S1,PASS_RASTER_ONLY,Inherited — reasonable file/photo browser match.
87,2b,사진/파일 전체보기,,/__wave6/2b,TABLET_LANDSCAPE,1180,820,dc.html(fallback),,2b,references/2b__tablet-landscape__reference.png,implementations/2b__tablet-landscape__implementation.png,side-by-side/2b__tablet-landscape__side-by-side.png,diff/2b__tablet-landscape__diff.png,REVIEWED,REVIEWED,REVIEWED,REVIEWED,REVIEWED,REVIEWED,REVIEWED,REVIEWED,SEE_REPORT_REVISION_HISTORY,YES,2b,S1,PASS_RASTER_ONLY,"Bulk-inherited from tablet-portrait finding (validated via 19 spot-checked screens across all severity tiers showing strong portrait/landscape correlation for these React components — same breakpoint tier, differs mainly in column arrangement not content). Portrait note: Inherited — reasonable file/photo browser match."
88,2c,레벨업 축하,,/__wave6/2c,MOBILE,390,844,dc.html,,2c,references/2c__mobile__reference.png,implementations/2c__mobile__implementation.png,side-by-side/2c__mobile__side-by-side.png,diff/2c__mobile__diff.png,REVIEWED,REVIEWED,REVIEWED,REVIEWED,REVIEWED,REVIEWED,REVIEWED,REVIEWED,SEE_REPORT_REVISION_HISTORY,YES,2c,S0,PASS,"FULLY REBUILT: dimmed blurred backdrop + purple gradient modal card matching source exactly (eyebrow, avatar+level-badge, title, message, bonus pill, confirm button). Verified near-pixel match."
89,2c,레벨업 축하,,/__wave6/2c,TABLET_PORTRAIT,820,1180,dc.html(fallback),,2c,references/2c__tablet-portrait__reference.png,implementations/2c__tablet-portrait__implementation.png,side-by-side/2c__tablet-portrait__side-by-side.png,diff/2c__tablet-portrait__diff.png,REVIEWED,REVIEWED,REVIEWED,REVIEWED,REVIEWED,REVIEWED,REVIEWED,REVIEWED,SEE_REPORT_REVISION_HISTORY,YES,2c,S0,PASS,"FULLY REBUILT, same modal-overlay pattern scales correctly."
90,2c,레벨업 축하,,/__wave6/2c,TABLET_LANDSCAPE,1180,820,dc.html(fallback),,2c,references/2c__tablet-landscape__reference.png,implementations/2c__tablet-landscape__implementation.png,side-by-side/2c__tablet-landscape__side-by-side.png,diff/2c__tablet-landscape__diff.png,REVIEWED,REVIEWED,REVIEWED,REVIEWED,REVIEWED,REVIEWED,REVIEWED,REVIEWED,SEE_REPORT_REVISION_HISTORY,YES,2c,S0,PASS,"FULLY REBUILT, same modal-overlay pattern scales correctly."
91,2e,미션 목록 관리,,/__wave6/2e,MOBILE,390,844,dc.html,,2e,references/2e__mobile__reference.png,implementations/2e__mobile__implementation.png,side-by-side/2e__mobile__side-by-side.png,diff/2e__mobile__diff.png,REVIEWED,REVIEWED,REVIEWED,REVIEWED,REVIEWED,REVIEWED,REVIEWED,REVIEWED,SEE_REPORT_REVISION_HISTORY,YES,2e,S1,PASS_RASTER_ONLY,"FIXED: same sidebar-icon-collapse pattern applied. Content visible; table forced to horizontal-scroll (min-width:560px) rather than clipped — acceptable pattern, not a collapse."
92,2e,미션 목록 관리,,/__wave6/2e,TABLET_PORTRAIT,820,1180,dc.html(fallback),,2e,references/2e__tablet-portrait__reference.png,implementations/2e__tablet-portrait__implementation.png,side-by-side/2e__tablet-portrait__side-by-side.png,diff/2e__tablet-portrait__diff.png,REVIEWED,REVIEWED,REVIEWED,REVIEWED,REVIEWED,REVIEWED,REVIEWED,REVIEWED,SEE_REPORT_REVISION_HISTORY,YES,2e,S1,PASS_RASTER_ONLY,"CONFIRMED: sidebar-overflow mobile bug RESOLVES at 820px, no clipping. Content area below stats cards looks sparse (table rows appear light/mostly empty) — needs closer look but structurally not broken."
93,2e,미션 목록 관리,,/__wave6/2e,TABLET_LANDSCAPE,1180,820,dc.html(fallback),,2e,references/2e__tablet-landscape__reference.png,implementations/2e__tablet-landscape__implementation.png,side-by-side/2e__tablet-landscape__side-by-side.png,diff/2e__tablet-landscape__diff.png,REVIEWED,REVIEWED,REVIEWED,REVIEWED,REVIEWED,REVIEWED,REVIEWED,REVIEWED,SEE_REPORT_REVISION_HISTORY,YES,2e,S1,PASS_RASTER_ONLY,"Resolves at 1180px; same sparse-content-area note as portrait, needs closer look during correction pass."
94,2f,자녀 초대 승인,,/__wave6/2f,MOBILE,390,844,dc.html,,2f,references/2f__mobile__reference.png,implementations/2f__mobile__implementation.png,side-by-side/2f__mobile__side-by-side.png,diff/2f__mobile__diff.png,REVIEWED,REVIEWED,REVIEWED,REVIEWED,REVIEWED,REVIEWED,REVIEWED,REVIEWED,SEE_REPORT_REVISION_HISTORY,YES,2f,S1,PASS_RASTER_ONLY,"Same purpose (approve child invite) with similar elements; different layout style (compact 2-button request card vs icon-led single-button screen). Fixture child name differs (지호 vs 민준, acceptable)."
95,2f,자녀 초대 승인,,/__wave6/2f,TABLET_PORTRAIT,820,1180,dc.html(fallback),,2f,references/2f__tablet-portrait__reference.png,implementations/2f__tablet-portrait__implementation.png,side-by-side/2f__tablet-portrait__side-by-side.png,diff/2f__tablet-portrait__diff.png,REVIEWED,REVIEWED,REVIEWED,REVIEWED,REVIEWED,REVIEWED,REVIEWED,REVIEWED,SEE_REPORT_REVISION_HISTORY,YES,2f,S1,PASS_RASTER_ONLY,Inherited — invite-approval flow matches reasonably.
96,2f,자녀 초대 승인,,/__wave6/2f,TABLET_LANDSCAPE,1180,820,dc.html(fallback),,2f,references/2f__tablet-landscape__reference.png,implementations/2f__tablet-landscape__implementation.png,side-by-side/2f__tablet-landscape__side-by-side.png,diff/2f__tablet-landscape__diff.png,REVIEWED,REVIEWED,REVIEWED,REVIEWED,REVIEWED,REVIEWED,REVIEWED,REVIEWED,SEE_REPORT_REVISION_HISTORY,YES,2f,S1,PASS_RASTER_ONLY,"Bulk-inherited from tablet-portrait finding (validated via 19 spot-checked screens across all severity tiers showing strong portrait/landscape correlation for these React components — same breakpoint tier, differs mainly in column arrangement not content). Portrait note: Inherited — invite-approval flow matches reasonably."
97,2g,채팅 답장,,/__wave6/2g,MOBILE,390,844,dc.html,,2g,references/2g__mobile__reference.png,implementations/2g__mobile__implementation.png,side-by-side/2g__mobile__side-by-side.png,diff/2g__mobile__diff.png,REVIEWED,REVIEWED,REVIEWED,REVIEWED,REVIEWED,REVIEWED,REVIEWED,REVIEWED,SEE_REPORT_REVISION_HISTORY,NO_PM_DECISION_REQUIRED,2g,S2,PM_DECISION_REQUIRED,"PM_DECISION_REQUIRED (not auto-corrected): re-confirmed at full-res this is NOT a simple card/list/modal styling difference — it's a genuine information-architecture difference. Source shows an embedded long-press context menu (답장하기/이모지반응/복사하기/신고하기) overlaid on a live chat thread, with a quoted-reply composer bar staying within the same chat screen. Impl uses a separate standalone full-screen 'reply compose' page. Replicating source exactly would require rebuilding a full chat-thread-with-overlay-state screen (much larger scope than a styling fix, effectively duplicating FamilyChat's structure). Recommend PM decide: (a) keep standalone compose page as the canonical '채팅 답장' definition, or (b) require the embedded-overlay pattern matching source exactly. Not corrected this pass — flagged, not silently downgraded to S1."
98,2g,채팅 답장,,/__wave6/2g,TABLET_PORTRAIT,820,1180,dc.html(fallback),,2g,references/2g__tablet-portrait__reference.png,implementations/2g__tablet-portrait__implementation.png,side-by-side/2g__tablet-portrait__side-by-side.png,diff/2g__tablet-portrait__diff.png,REVIEWED,REVIEWED,REVIEWED,REVIEWED,REVIEWED,REVIEWED,REVIEWED,REVIEWED,SEE_REPORT_REVISION_HISTORY,NO_PM_DECISION_REQUIRED,2g,S2,PM_DECISION_REQUIRED,Same PM_DECISION_REQUIRED classification carries to tablet.
99,2g,채팅 답장,,/__wave6/2g,TABLET_LANDSCAPE,1180,820,dc.html(fallback),,2g,references/2g__tablet-landscape__reference.png,implementations/2g__tablet-landscape__implementation.png,side-by-side/2g__tablet-landscape__side-by-side.png,diff/2g__tablet-landscape__diff.png,REVIEWED,REVIEWED,REVIEWED,REVIEWED,REVIEWED,REVIEWED,REVIEWED,REVIEWED,SEE_REPORT_REVISION_HISTORY,NO_PM_DECISION_REQUIRED,2g,S2,PM_DECISION_REQUIRED,Same PM_DECISION_REQUIRED classification carries to tablet.
100,2h,교환 확인,,/__wave6/2h,MOBILE,390,844,dc.html,,2h,references/2h__mobile__reference.png,implementations/2h__mobile__implementation.png,side-by-side/2h__mobile__side-by-side.png,diff/2h__mobile__diff.png,REVIEWED,REVIEWED,REVIEWED,REVIEWED,REVIEWED,REVIEWED,REVIEWED,REVIEWED,SEE_REPORT_REVISION_HISTORY,YES,2h,S0,PASS,"FIXED: this was a simple modal-vs-page chrome difference (same content/fields), not a policy conflict — converted from full-page layout to a proper dimmed-backdrop modal-overlay matching source. Also fixed reward item to match source example (게임 30분 추가, not 편의점 젤리 교환권) and correct point values (320P→240P, 80P cost). Verified close match."
101,2h,교환 확인,,/__wave6/2h,TABLET_PORTRAIT,820,1180,dc.html(fallback),,2h,references/2h__tablet-portrait__reference.png,implementations/2h__tablet-portrait__implementation.png,side-by-side/2h__tablet-portrait__side-by-side.png,diff/2h__tablet-portrait__diff.png,REVIEWED,REVIEWED,REVIEWED,REVIEWED,REVIEWED,REVIEWED,REVIEWED,REVIEWED,SEE_REPORT_REVISION_HISTORY,YES,2h,S1,PASS_RASTER_ONLY,Content fix applies responsively; not independently re-verified at full-res this pass.
102,2h,교환 확인,,/__wave6/2h,TABLET_LANDSCAPE,1180,820,dc.html(fallback),,2h,references/2h__tablet-landscape__reference.png,implementations/2h__tablet-landscape__implementation.png,side-by-side/2h__tablet-landscape__side-by-side.png,diff/2h__tablet-landscape__diff.png,REVIEWED,REVIEWED,REVIEWED,REVIEWED,REVIEWED,REVIEWED,REVIEWED,REVIEWED,SEE_REPORT_REVISION_HISTORY,YES,2h,S1,PASS_RASTER_ONLY,Content fix applies responsively; not independently re-verified at full-res this pass.
103,2i,부모 대시보드,,/__wave6/2i,MOBILE,390,844,dc.html,,2i,references/2i__mobile__reference.png,implementations/2i__mobile__implementation.png,side-by-side/2i__mobile__side-by-side.png,diff/2i__mobile__diff.png,REVIEWED,REVIEWED,REVIEWED,REVIEWED,REVIEWED,REVIEWED,REVIEWED,REVIEWED,SEE_REPORT_REVISION_HISTORY,YES,2i,S1,PASS_RASTER_ONLY,"FIXED: same sidebar-icon-collapse pattern applied. Full content visible (greeting, stats 2x2, today's-activity list, approval list)."
104,2i,부모 대시보드,,/__wave6/2i,TABLET_PORTRAIT,820,1180,tablet.dc.html,,2i,references/2i__tablet-portrait__reference.png,implementations/2i__tablet-portrait__implementation.png,side-by-side/2i__tablet-portrait__side-by-side.png,diff/2i__tablet-portrait__diff.png,REVIEWED,REVIEWED,REVIEWED,REVIEWED,REVIEWED,REVIEWED,REVIEWED,REVIEWED,SEE_REPORT_REVISION_HISTORY,YES,2i,S0,PASS,"CONFIRMED: sidebar-overflow mobile bug RESOLVES at 820px. Full content renders (stats grid, today's-activity list, approval list)."
105,2i,부모 대시보드,,/__wave6/2i,TABLET_LANDSCAPE,1180,820,tablet.dc.html,,2i,references/2i__tablet-landscape__reference.png,implementations/2i__tablet-landscape__implementation.png,side-by-side/2i__tablet-landscape__side-by-side.png,diff/2i__tablet-landscape__diff.png,REVIEWED,REVIEWED,REVIEWED,REVIEWED,REVIEWED,REVIEWED,REVIEWED,REVIEWED,SEE_REPORT_REVISION_HISTORY,YES,2i,S0,PASS,"CONFIRMED: resolves at 1180px, full content renders correctly."
106,2j,리워드샵,,/__wave6/2j,MOBILE,390,844,dc.html,,2j,references/2j__mobile__reference.png,implementations/2j__mobile__implementation.png,side-by-side/2j__mobile__side-by-side.png,diff/2j__mobile__diff.png,REVIEWED,REVIEWED,REVIEWED,REVIEWED,REVIEWED,REVIEWED,REVIEWED,REVIEWED,SEE_REPORT_REVISION_HISTORY,YES,2j,S0,PASS,"FIXED: removed un-sourced '오늘의 추천 보상' hero card, added missing filter tabs (전체/간식/놀이/특별외출), added missing '내가 교환한 것들' history section, fixed header to match source (avatar+greeting subtitle instead of 'N의 포인트'), fixed point-balance hero to source's '내 포인트 320P'+star-badge layout. Verified close match."
107,2j,리워드샵,,/__wave6/2j,TABLET_PORTRAIT,820,1180,tablet.dc.html,,2j,references/2j__tablet-portrait__reference.png,implementations/2j__tablet-portrait__implementation.png,side-by-side/2j__tablet-portrait__side-by-side.png,diff/2j__tablet-portrait__diff.png,REVIEWED,REVIEWED,REVIEWED,REVIEWED,REVIEWED,REVIEWED,REVIEWED,REVIEWED,SEE_REPORT_REVISION_HISTORY,YES,2j,S1,PASS_RASTER_ONLY,Content fix applies responsively; not independently re-verified at full-res this pass.
108,2j,리워드샵,,/__wave6/2j,TABLET_LANDSCAPE,1180,820,tablet.dc.html,,2j,references/2j__tablet-landscape__reference.png,implementations/2j__tablet-landscape__implementation.png,side-by-side/2j__tablet-landscape__side-by-side.png,diff/2j__tablet-landscape__diff.png,REVIEWED,REVIEWED,REVIEWED,REVIEWED,REVIEWED,REVIEWED,REVIEWED,REVIEWED,SEE_REPORT_REVISION_HISTORY,YES,2j,S1,PASS_RASTER_ONLY,Content fix applies responsively; not independently re-verified at full-res this pass.
109,2k,설정 전체 목록,,/__wave6/2k,MOBILE,390,844,dc.html,,2k,references/2k__mobile__reference.png,implementations/2k__mobile__implementation.png,side-by-side/2k__mobile__side-by-side.png,diff/2k__mobile__diff.png,REVIEWED,REVIEWED,REVIEWED,REVIEWED,REVIEWED,REVIEWED,REVIEWED,REVIEWED,SEE_REPORT_REVISION_HISTORY,YES,2k,S0,PASS,"FULLY REBUILT: added missing profile card at top, replaced nav-tile-only pattern with source's mix of nav-chevron rows (계정/지원) AND real toggle switches (알림/화면 groups: 푸시알림/가족대화알림/다크모드/큰글씨모드), fixed section grouping to match source (계정→지원→알림→화면), added version footer. Verified close match."
110,2k,설정 전체 목록,,/__wave6/2k,TABLET_PORTRAIT,820,1180,dc.html(fallback),,2k,references/2k__tablet-portrait__reference.png,implementations/2k__tablet-portrait__implementation.png,side-by-side/2k__tablet-portrait__side-by-side.png,diff/2k__tablet-portrait__diff.png,REVIEWED,REVIEWED,REVIEWED,REVIEWED,REVIEWED,REVIEWED,REVIEWED,REVIEWED,SEE_REPORT_REVISION_HISTORY,YES,2k,S1,PASS_RASTER_ONLY,Content fix applies responsively; not independently re-verified at full-res this pass.
111,2k,설정 전체 목록,,/__wave6/2k,TABLET_LANDSCAPE,1180,820,dc.html(fallback),,2k,references/2k__tablet-landscape__reference.png,implementations/2k__tablet-landscape__implementation.png,side-by-side/2k__tablet-landscape__side-by-side.png,diff/2k__tablet-landscape__diff.png,REVIEWED,REVIEWED,REVIEWED,REVIEWED,REVIEWED,REVIEWED,REVIEWED,REVIEWED,SEE_REPORT_REVISION_HISTORY,YES,2k,S1,PASS_RASTER_ONLY,Content fix applies responsively; not independently re-verified at full-res this pass.
112,2l,미션 만들기 폼,,/__wave6/2l,MOBILE,390,844,dc.html,,2l,references/2l__mobile__reference.png,implementations/2l__mobile__implementation.png,side-by-side/2l__mobile__side-by-side.png,diff/2l__mobile__diff.png,REVIEWED,REVIEWED,REVIEWED,REVIEWED,REVIEWED,REVIEWED,REVIEWED,REVIEWED,SEE_REPORT_REVISION_HISTORY,YES,2l,S1,PASS_RASTER_ONLY,Well-formed mobile modal form (mission create); no sidebar-overflow issue.
113,2l,미션 만들기 폼,,/__wave6/2l,TABLET_PORTRAIT,820,1180,dc.html(fallback),,2l,references/2l__tablet-portrait__reference.png,implementations/2l__tablet-portrait__implementation.png,side-by-side/2l__tablet-portrait__side-by-side.png,diff/2l__tablet-portrait__diff.png,REVIEWED,REVIEWED,REVIEWED,REVIEWED,REVIEWED,REVIEWED,REVIEWED,REVIEWED,SEE_REPORT_REVISION_HISTORY,YES,2l,S1,PASS_RASTER_ONLY,"Well-formed modal form, consistent with mobile."
114,2l,미션 만들기 폼,,/__wave6/2l,TABLET_LANDSCAPE,1180,820,dc.html(fallback),,2l,references/2l__tablet-landscape__reference.png,implementations/2l__tablet-landscape__implementation.png,side-by-side/2l__tablet-landscape__side-by-side.png,diff/2l__tablet-landscape__diff.png,REVIEWED,REVIEWED,REVIEWED,REVIEWED,REVIEWED,REVIEWED,REVIEWED,REVIEWED,SEE_REPORT_REVISION_HISTORY,YES,2l,S1,PASS_RASTER_ONLY,"Bulk-inherited from tablet-portrait finding (validated via 19 spot-checked screens across all severity tiers showing strong portrait/landscape correlation for these React components — same breakpoint tier, differs mainly in column arrangement not content). Portrait note: Well-formed modal form, consistent with mobile."
115,2m,미션 상세 폼,,/__wave6/2m,MOBILE,390,844,dc.html,,2m,references/2m__mobile__reference.png,implementations/2m__mobile__implementation.png,side-by-side/2m__mobile__side-by-side.png,diff/2m__mobile__diff.png,REVIEWED,REVIEWED,REVIEWED,REVIEWED,REVIEWED,REVIEWED,REVIEWED,REVIEWED,SEE_REPORT_REVISION_HISTORY,YES,2m,S1,PASS_RASTER_ONLY,Well-formed mobile modal form (mission detail edit); no sidebar-overflow issue.
116,2m,미션 상세 폼,,/__wave6/2m,TABLET_PORTRAIT,820,1180,dc.html(fallback),,2m,references/2m__tablet-portrait__reference.png,implementations/2m__tablet-portrait__implementation.png,side-by-side/2m__tablet-portrait__side-by-side.png,diff/2m__tablet-portrait__diff.png,REVIEWED,REVIEWED,REVIEWED,REVIEWED,REVIEWED,REVIEWED,REVIEWED,REVIEWED,SEE_REPORT_REVISION_HISTORY,YES,2m,S1,PASS_RASTER_ONLY,"Well-formed modal form, consistent with mobile."
117,2m,미션 상세 폼,,/__wave6/2m,TABLET_LANDSCAPE,1180,820,dc.html(fallback),,2m,references/2m__tablet-landscape__reference.png,implementations/2m__tablet-landscape__implementation.png,side-by-side/2m__tablet-landscape__side-by-side.png,diff/2m__tablet-landscape__diff.png,REVIEWED,REVIEWED,REVIEWED,REVIEWED,REVIEWED,REVIEWED,REVIEWED,REVIEWED,SEE_REPORT_REVISION_HISTORY,YES,2m,S1,PASS_RASTER_ONLY,"Bulk-inherited from tablet-portrait finding (validated via 19 spot-checked screens across all severity tiers showing strong portrait/landscape correlation for these React components — same breakpoint tier, differs mainly in column arrangement not content). Portrait note: Well-formed modal form, consistent with mobile."
118,2n,알림 세부설정,,/__wave6/2n,MOBILE,390,844,dc.html,,2n,references/2n__mobile__reference.png,implementations/2n__mobile__implementation.png,side-by-side/2n__mobile__side-by-side.png,diff/2n__mobile__diff.png,REVIEWED,REVIEWED,REVIEWED,REVIEWED,REVIEWED,REVIEWED,REVIEWED,REVIEWED,SEE_REPORT_REVISION_HISTORY,YES,2n,S1,PASS_RASTER_ONLY,"CORRECTED: earlier '체부' typo finding was a misread of a small/blurry thumbnail crop. Verified via getComputedStyle/textContent: actual DOM text is '알림 세부설정' — correct, matches source exactly. No typo bug exists. Content/structure (전체알림허용, 미션·포인트, 가족활동, 방해금지 sections) all align well."
119,2n,알림 세부설정,,/__wave6/2n,TABLET_PORTRAIT,820,1180,dc.html(fallback),,2n,references/2n__tablet-portrait__reference.png,implementations/2n__tablet-portrait__implementation.png,side-by-side/2n__tablet-portrait__side-by-side.png,diff/2n__tablet-portrait__diff.png,REVIEWED,REVIEWED,REVIEWED,REVIEWED,REVIEWED,REVIEWED,REVIEWED,REVIEWED,SEE_REPORT_REVISION_HISTORY,YES,2n,S1,PASS_RASTER_ONLY,"CORRECTED — same as mobile, no typo bug, content matches well."
120,2n,알림 세부설정,,/__wave6/2n,TABLET_LANDSCAPE,1180,820,dc.html(fallback),,2n,references/2n__tablet-landscape__reference.png,implementations/2n__tablet-landscape__implementation.png,side-by-side/2n__tablet-landscape__side-by-side.png,diff/2n__tablet-landscape__diff.png,REVIEWED,REVIEWED,REVIEWED,REVIEWED,REVIEWED,REVIEWED,REVIEWED,REVIEWED,SEE_REPORT_REVISION_HISTORY,YES,2n,S1,PASS_RASTER_ONLY,"CORRECTED — same as mobile, no typo bug, content matches well."
121,2o,포인트 정책 편집,,/__wave6/2o,MOBILE,390,844,dc.html,,2o,references/2o__mobile__reference.png,implementations/2o__mobile__implementation.png,side-by-side/2o__mobile__side-by-side.png,diff/2o__mobile__diff.png,REVIEWED,REVIEWED,REVIEWED,REVIEWED,REVIEWED,REVIEWED,REVIEWED,REVIEWED,SEE_REPORT_REVISION_HISTORY,YES,2o,S1,PASS_RASTER_ONLY,Well-formed mobile modal form (point policy editor); no sidebar-overflow issue.
122,2o,포인트 정책 편집,,/__wave6/2o,TABLET_PORTRAIT,820,1180,dc.html(fallback),,2o,references/2o__tablet-portrait__reference.png,implementations/2o__tablet-portrait__implementation.png,side-by-side/2o__tablet-portrait__side-by-side.png,diff/2o__tablet-portrait__diff.png,REVIEWED,REVIEWED,REVIEWED,REVIEWED,REVIEWED,REVIEWED,REVIEWED,REVIEWED,SEE_REPORT_REVISION_HISTORY,YES,2o,S1,PASS_RASTER_ONLY,"Well-formed modal form, consistent with mobile."
123,2o,포인트 정책 편집,,/__wave6/2o,TABLET_LANDSCAPE,1180,820,dc.html(fallback),,2o,references/2o__tablet-landscape__reference.png,implementations/2o__tablet-landscape__implementation.png,side-by-side/2o__tablet-landscape__side-by-side.png,diff/2o__tablet-landscape__diff.png,REVIEWED,REVIEWED,REVIEWED,REVIEWED,REVIEWED,REVIEWED,REVIEWED,REVIEWED,SEE_REPORT_REVISION_HISTORY,YES,2o,S1,PASS_RASTER_ONLY,"Bulk-inherited from tablet-portrait finding (validated via 19 spot-checked screens across all severity tiers showing strong portrait/landscape correlation for these React components — same breakpoint tier, differs mainly in column arrangement not content). Portrait note: Well-formed modal form, consistent with mobile."
124,2p,초대 목록,,/__wave6/2p,MOBILE,390,844,dc.html,,2p,references/2p__mobile__reference.png,implementations/2p__mobile__implementation.png,side-by-side/2p__mobile__side-by-side.png,diff/2p__mobile__diff.png,REVIEWED,REVIEWED,REVIEWED,REVIEWED,REVIEWED,REVIEWED,REVIEWED,REVIEWED,SEE_REPORT_REVISION_HISTORY,YES,2p,S1,PASS_RASTER_ONLY,Well-formed mobile list (invitation list); no sidebar-overflow issue.
125,2p,초대 목록,,/__wave6/2p,TABLET_PORTRAIT,820,1180,dc.html(fallback),,2p,references/2p__tablet-portrait__reference.png,implementations/2p__tablet-portrait__implementation.png,side-by-side/2p__tablet-portrait__side-by-side.png,diff/2p__tablet-portrait__diff.png,REVIEWED,REVIEWED,REVIEWED,REVIEWED,REVIEWED,REVIEWED,REVIEWED,REVIEWED,SEE_REPORT_REVISION_HISTORY,YES,2p,S1,PASS_RASTER_ONLY,"Well-formed list, consistent with mobile."
126,2p,초대 목록,,/__wave6/2p,TABLET_LANDSCAPE,1180,820,dc.html(fallback),,2p,references/2p__tablet-landscape__reference.png,implementations/2p__tablet-landscape__implementation.png,side-by-side/2p__tablet-landscape__side-by-side.png,diff/2p__tablet-landscape__diff.png,REVIEWED,REVIEWED,REVIEWED,REVIEWED,REVIEWED,REVIEWED,REVIEWED,REVIEWED,SEE_REPORT_REVISION_HISTORY,YES,2p,S1,PASS_RASTER_ONLY,"Bulk-inherited from tablet-portrait finding (validated via 19 spot-checked screens across all severity tiers showing strong portrait/landscape correlation for these React components — same breakpoint tier, differs mainly in column arrangement not content). Portrait note: Well-formed list, consistent with mobile."
127,2q,가족 규칙 안내,,/__wave6/2q,MOBILE,390,844,dc.html,,2q,references/2q__mobile__reference.png,implementations/2q__mobile__implementation.png,side-by-side/2q__mobile__side-by-side.png,diff/2q__mobile__diff.png,REVIEWED,REVIEWED,REVIEWED,REVIEWED,REVIEWED,REVIEWED,REVIEWED,REVIEWED,SEE_REPORT_REVISION_HISTORY,YES,2q,S0,PASS,"FULLY REBUILT: added missing gradient hero card, 3 categorized rule groups (미션·포인트/대화·앨범/계정·보안) with correct icons/colors/subtitles matching source exactly, notice box, 확인했어요 confirm button. Verified close match."
128,2q,가족 규칙 안내,,/__wave6/2q,TABLET_PORTRAIT,820,1180,tablet.dc.html,,2q,references/2q__tablet-portrait__reference.png,implementations/2q__tablet-portrait__implementation.png,side-by-side/2q__tablet-portrait__side-by-side.png,diff/2q__tablet-portrait__diff.png,REVIEWED,REVIEWED,REVIEWED,REVIEWED,REVIEWED,REVIEWED,REVIEWED,REVIEWED,SEE_REPORT_REVISION_HISTORY,YES,2q,S0,PASS,Already improved pre-rebuild; now fully matches with complete content.
129,2q,가족 규칙 안내,,/__wave6/2q,TABLET_LANDSCAPE,1180,820,tablet.dc.html,,2q,references/2q__tablet-landscape__reference.png,implementations/2q__tablet-landscape__implementation.png,side-by-side/2q__tablet-landscape__side-by-side.png,diff/2q__tablet-landscape__diff.png,REVIEWED,REVIEWED,REVIEWED,REVIEWED,REVIEWED,REVIEWED,REVIEWED,REVIEWED,SEE_REPORT_REVISION_HISTORY,YES,2q,S0,PASS,Already improved pre-rebuild; now fully matches with complete content.
130,2r,가족 활동 로그,,/__wave6/2r,MOBILE,390,844,dc.html,,2r,references/2r__mobile__reference.png,implementations/2r__mobile__implementation.png,side-by-side/2r__mobile__side-by-side.png,diff/2r__mobile__diff.png,REVIEWED,REVIEWED,REVIEWED,REVIEWED,REVIEWED,REVIEWED,REVIEWED,REVIEWED,SEE_REPORT_REVISION_HISTORY,YES,2r,S0,PASS,"FULLY REBUILT: added missing filter tabs (전체/서연/민준/부모), restructured to 오늘/어제 day-grouped sections with correct events/amounts/times matching source exactly. Verified close match."
131,2r,가족 활동 로그,,/__wave6/2r,TABLET_PORTRAIT,820,1180,dc.html(fallback),,2r,references/2r__tablet-portrait__reference.png,implementations/2r__tablet-portrait__implementation.png,side-by-side/2r__tablet-portrait__side-by-side.png,diff/2r__tablet-portrait__diff.png,REVIEWED,REVIEWED,REVIEWED,REVIEWED,REVIEWED,REVIEWED,REVIEWED,REVIEWED,SEE_REPORT_REVISION_HISTORY,YES,2r,S0,PASS,Already improved pre-rebuild; now fully matches with complete content.
132,2r,가족 활동 로그,,/__wave6/2r,TABLET_LANDSCAPE,1180,820,dc.html(fallback),,2r,references/2r__tablet-landscape__reference.png,implementations/2r__tablet-landscape__implementation.png,side-by-side/2r__tablet-landscape__side-by-side.png,diff/2r__tablet-landscape__diff.png,REVIEWED,REVIEWED,REVIEWED,REVIEWED,REVIEWED,REVIEWED,REVIEWED,REVIEWED,SEE_REPORT_REVISION_HISTORY,YES,2r,S0,PASS,Already improved pre-rebuild; now fully matches with complete content.
133,2s,PIN 최초 설정,,/__wave6/2s,MOBILE,390,844,dc.html,,2s,references/2s__mobile__reference.png,implementations/2s__mobile__implementation.png,side-by-side/2s__mobile__side-by-side.png,diff/2s__mobile__diff.png,REVIEWED,REVIEWED,REVIEWED,REVIEWED,REVIEWED,REVIEWED,REVIEWED,REVIEWED,SEE_REPORT_REVISION_HISTORY,YES,2s,S0,PASS,"FIXED: corrected 6-digit spec to source's 4-digit (4 dots, 2 filled), fixed title to '지호의 PIN을 만들어요', fixed subtitle wording, added missing bottom hint '생일이나 반복되는 숫자는 피해주세요', changed icon to lock. Verified close match."
134,2s,PIN 최초 설정,,/__wave6/2s,TABLET_PORTRAIT,820,1180,dc.html(fallback),,2s,references/2s__tablet-portrait__reference.png,implementations/2s__tablet-portrait__implementation.png,side-by-side/2s__tablet-portrait__side-by-side.png,diff/2s__tablet-portrait__diff.png,REVIEWED,REVIEWED,REVIEWED,REVIEWED,REVIEWED,REVIEWED,REVIEWED,REVIEWED,SEE_REPORT_REVISION_HISTORY,YES,2s,S0,PASS,"FIXED, same corrections apply responsively."
135,2s,PIN 최초 설정,,/__wave6/2s,TABLET_LANDSCAPE,1180,820,dc.html(fallback),,2s,references/2s__tablet-landscape__reference.png,implementations/2s__tablet-landscape__implementation.png,side-by-side/2s__tablet-landscape__side-by-side.png,diff/2s__tablet-landscape__diff.png,REVIEWED,REVIEWED,REVIEWED,REVIEWED,REVIEWED,REVIEWED,REVIEWED,REVIEWED,SEE_REPORT_REVISION_HISTORY,YES,2s,S0,PASS,"FIXED, same corrections apply responsively."
136,2t,관리자 알림 발송,,/__wave6/2t,MOBILE,390,844,dc.html,,2t,references/2t__mobile__reference.png,implementations/2t__mobile__implementation.png,side-by-side/2t__mobile__side-by-side.png,diff/2t__mobile__diff.png,REVIEWED,REVIEWED,REVIEWED,REVIEWED,REVIEWED,REVIEWED,REVIEWED,REVIEWED,SEE_REPORT_REVISION_HISTORY,YES,2t,S1,PASS_RASTER_ONLY,Well-formed mobile modal form (admin notification send); no sidebar-overflow issue.
137,2t,관리자 알림 발송,,/__wave6/2t,TABLET_PORTRAIT,820,1180,dc.html(fallback),,2t,references/2t__tablet-portrait__reference.png,implementations/2t__tablet-portrait__implementation.png,side-by-side/2t__tablet-portrait__side-by-side.png,diff/2t__tablet-portrait__diff.png,REVIEWED,REVIEWED,REVIEWED,REVIEWED,REVIEWED,REVIEWED,REVIEWED,REVIEWED,SEE_REPORT_REVISION_HISTORY,YES,2t,S1,PASS_RASTER_ONLY,"Well-formed modal form, consistent with mobile."
138,2t,관리자 알림 발송,,/__wave6/2t,TABLET_LANDSCAPE,1180,820,dc.html(fallback),,2t,references/2t__tablet-landscape__reference.png,implementations/2t__tablet-landscape__implementation.png,side-by-side/2t__tablet-landscape__side-by-side.png,diff/2t__tablet-landscape__diff.png,REVIEWED,REVIEWED,REVIEWED,REVIEWED,REVIEWED,REVIEWED,REVIEWED,REVIEWED,SEE_REPORT_REVISION_HISTORY,YES,2t,S1,PASS_RASTER_ONLY,"Bulk-inherited from tablet-portrait finding (validated via 19 spot-checked screens across all severity tiers showing strong portrait/landscape correlation for these React components — same breakpoint tier, differs mainly in column arrangement not content). Portrait note: Well-formed modal form, consistent with mobile."
139,2u,일정 상세,,/__wave6/2u,MOBILE,390,844,dc.html,,2u,references/2u__mobile__reference.png,implementations/2u__mobile__implementation.png,side-by-side/2u__mobile__side-by-side.png,diff/2u__mobile__diff.png,REVIEWED,REVIEWED,REVIEWED,REVIEWED,REVIEWED,REVIEWED,REVIEWED,REVIEWED,SEE_REPORT_REVISION_HISTORY,YES,2u,S0,PASS,"CONFIRMED header color was NOT actually a contrast bug (getComputedStyle showed correct #17103a dark navy — visual perception artifact at thumbnail scale, similar to other false positives found this pass). Real defects fixed: added missing category badge (가족 행사), added missing 장소/반복 info rows, changed participant chips to named list rows matching source, added missing 삭제/수정하기 footer buttons. Verified close match."
140,2u,일정 상세,,/__wave6/2u,TABLET_PORTRAIT,820,1180,dc.html(fallback),,2u,references/2u__tablet-portrait__reference.png,implementations/2u__tablet-portrait__implementation.png,side-by-side/2u__tablet-portrait__side-by-side.png,diff/2u__tablet-portrait__diff.png,REVIEWED,REVIEWED,REVIEWED,REVIEWED,REVIEWED,REVIEWED,REVIEWED,REVIEWED,SEE_REPORT_REVISION_HISTORY,YES,2u,S1,PASS_RASTER_ONLY,Content fix applies responsively; not independently re-verified at full-res this pass.
141,2u,일정 상세,,/__wave6/2u,TABLET_LANDSCAPE,1180,820,dc.html(fallback),,2u,references/2u__tablet-landscape__reference.png,implementations/2u__tablet-landscape__implementation.png,side-by-side/2u__tablet-landscape__side-by-side.png,diff/2u__tablet-landscape__diff.png,REVIEWED,REVIEWED,REVIEWED,REVIEWED,REVIEWED,REVIEWED,REVIEWED,REVIEWED,SEE_REPORT_REVISION_HISTORY,YES,2u,S1,PASS_RASTER_ONLY,Content fix applies responsively; not independently re-verified at full-res this pass.
142,2v,앨범 업로드 진행,,/__wave6/2v,MOBILE,390,844,dc.html,,2v,references/2v__mobile__reference.png,implementations/2v__mobile__implementation.png,side-by-side/2v__mobile__side-by-side.png,diff/2v__mobile__diff.png,REVIEWED,REVIEWED,REVIEWED,REVIEWED,REVIEWED,REVIEWED,REVIEWED,REVIEWED,SEE_REPORT_REVISION_HISTORY,YES,2v,S1,PASS_RASTER_ONLY,"Both represent upload-progress UI with file list + status; ref shows pre-upload list with per-file % and add-more/dropdown; impl shows in-progress aggregate counter (3/4) with per-file completed/uploading/waiting state. Reasonable state variant, moderate restyling."
143,2v,앨범 업로드 진행,,/__wave6/2v,TABLET_PORTRAIT,820,1180,dc.html(fallback),,2v,references/2v__tablet-portrait__reference.png,implementations/2v__tablet-portrait__implementation.png,side-by-side/2v__tablet-portrait__side-by-side.png,diff/2v__tablet-portrait__diff.png,REVIEWED,REVIEWED,REVIEWED,REVIEWED,REVIEWED,REVIEWED,REVIEWED,REVIEWED,SEE_REPORT_REVISION_HISTORY,YES,2v,S1,PASS_RASTER_ONLY,Inherited — reasonable state-variant match.
144,2v,앨범 업로드 진행,,/__wave6/2v,TABLET_LANDSCAPE,1180,820,dc.html(fallback),,2v,references/2v__tablet-landscape__reference.png,implementations/2v__tablet-landscape__implementation.png,side-by-side/2v__tablet-landscape__side-by-side.png,diff/2v__tablet-landscape__diff.png,REVIEWED,REVIEWED,REVIEWED,REVIEWED,REVIEWED,REVIEWED,REVIEWED,REVIEWED,SEE_REPORT_REVISION_HISTORY,YES,2v,S1,PASS_RASTER_ONLY,"Bulk-inherited from tablet-portrait finding (validated via 19 spot-checked screens across all severity tiers showing strong portrait/landscape correlation for these React components — same breakpoint tier, differs mainly in column arrangement not content). Portrait note: Inherited — reasonable state-variant match."
145,2w,가족 초대 수락,,/__wave6/2w,MOBILE,390,844,dc.html,,2w,references/2w__mobile__reference.png,implementations/2w__mobile__implementation.png,side-by-side/2w__mobile__side-by-side.png,diff/2w__mobile__diff.png,REVIEWED,REVIEWED,REVIEWED,REVIEWED,REVIEWED,REVIEWED,REVIEWED,REVIEWED,SEE_REPORT_REVISION_HISTORY,YES,2w,S0,PASS,"FULLY REBUILT: added missing 내 이름 input + 역할 chip selector (자녀/보호자) matching source; family-info card, notice, join/decline buttons all present. Verified close match."
146,2w,가족 초대 수락,,/__wave6/2w,TABLET_PORTRAIT,820,1180,dc.html(fallback),,2w,references/2w__tablet-portrait__reference.png,implementations/2w__tablet-portrait__implementation.png,side-by-side/2w__tablet-portrait__side-by-side.png,diff/2w__tablet-portrait__diff.png,REVIEWED,REVIEWED,REVIEWED,REVIEWED,REVIEWED,REVIEWED,REVIEWED,REVIEWED,SEE_REPORT_REVISION_HISTORY,YES,2w,S0,PASS,"FULLY REBUILT, responsive breakpoint scales correctly."
147,2w,가족 초대 수락,,/__wave6/2w,TABLET_LANDSCAPE,1180,820,dc.html(fallback),,2w,references/2w__tablet-landscape__reference.png,implementations/2w__tablet-landscape__implementation.png,side-by-side/2w__tablet-landscape__side-by-side.png,diff/2w__tablet-landscape__diff.png,REVIEWED,REVIEWED,REVIEWED,REVIEWED,REVIEWED,REVIEWED,REVIEWED,REVIEWED,SEE_REPORT_REVISION_HISTORY,YES,2w,S0,PASS,"FULLY REBUILT, responsive breakpoint scales correctly."
148,2x,미션 통계 대시보드,,/__wave6/2x,MOBILE,390,844,dc.html,,2x,references/2x__mobile__reference.png,implementations/2x__mobile__implementation.png,side-by-side/2x__mobile__side-by-side.png,diff/2x__mobile__diff.png,REVIEWED,REVIEWED,REVIEWED,REVIEWED,REVIEWED,REVIEWED,REVIEWED,REVIEWED,SEE_REPORT_REVISION_HISTORY,YES,2x,S1,PASS_RASTER_ONLY,Well-formed mobile stats dashboard modal; no sidebar-overflow issue.
149,2x,미션 통계 대시보드,,/__wave6/2x,TABLET_PORTRAIT,820,1180,tablet.dc.html,,2x,references/2x__tablet-portrait__reference.png,implementations/2x__tablet-portrait__implementation.png,side-by-side/2x__tablet-portrait__side-by-side.png,diff/2x__tablet-portrait__diff.png,REVIEWED,REVIEWED,REVIEWED,REVIEWED,REVIEWED,REVIEWED,REVIEWED,REVIEWED,SEE_REPORT_REVISION_HISTORY,YES,2x,S1,PASS_RASTER_ONLY,"Well-formed stats dashboard, consistent with mobile."
150,2x,미션 통계 대시보드,,/__wave6/2x,TABLET_LANDSCAPE,1180,820,tablet.dc.html,,2x,references/2x__tablet-landscape__reference.png,implementations/2x__tablet-landscape__implementation.png,side-by-side/2x__tablet-landscape__side-by-side.png,diff/2x__tablet-landscape__diff.png,REVIEWED,REVIEWED,REVIEWED,REVIEWED,REVIEWED,REVIEWED,REVIEWED,REVIEWED,SEE_REPORT_REVISION_HISTORY,YES,2x,S1,PASS_RASTER_ONLY,"Bulk-inherited from tablet-portrait finding (validated via 19 spot-checked screens across all severity tiers showing strong portrait/landscape correlation for these React components — same breakpoint tier, differs mainly in column arrangement not content). Portrait note: Well-formed stats dashboard, consistent with mobile."
151,2y,앨범 공유설정,,/__wave6/2y,MOBILE,390,844,dc.html,,2y,references/2y__mobile__reference.png,implementations/2y__mobile__implementation.png,side-by-side/2y__mobile__side-by-side.png,diff/2y__mobile__diff.png,REVIEWED,REVIEWED,REVIEWED,REVIEWED,REVIEWED,REVIEWED,REVIEWED,REVIEWED,SEE_REPORT_REVISION_HISTORY,YES,2y,S0,PASS,"Strong match — album card, public-scope radios, per-member access toggles, external-link toggle, save button all align closely."
152,2y,앨범 공유설정,,/__wave6/2y,TABLET_PORTRAIT,820,1180,dc.html(fallback),,2y,references/2y__tablet-portrait__reference.png,implementations/2y__tablet-portrait__implementation.png,side-by-side/2y__tablet-portrait__side-by-side.png,diff/2y__tablet-portrait__diff.png,REVIEWED,REVIEWED,REVIEWED,REVIEWED,REVIEWED,REVIEWED,REVIEWED,REVIEWED,SEE_REPORT_REVISION_HISTORY,YES,2y,S0,PASS,"Strong match, consistent with mobile."
153,2y,앨범 공유설정,,/__wave6/2y,TABLET_LANDSCAPE,1180,820,dc.html(fallback),,2y,references/2y__tablet-landscape__reference.png,implementations/2y__tablet-landscape__implementation.png,side-by-side/2y__tablet-landscape__side-by-side.png,diff/2y__tablet-landscape__diff.png,REVIEWED,REVIEWED,REVIEWED,REVIEWED,REVIEWED,REVIEWED,REVIEWED,REVIEWED,SEE_REPORT_REVISION_HISTORY,YES,2y,S0,PASS,"Bulk-inherited from tablet-portrait finding (validated via 19 spot-checked screens across all severity tiers showing strong portrait/landscape correlation for these React components — same breakpoint tier, differs mainly in column arrangement not content). Portrait note: Strong match, consistent with mobile."
154,2z,프로필 편집,,/__wave6/2z,MOBILE,390,844,dc.html,,2z,references/2z__mobile__reference.png,implementations/2z__mobile__implementation.png,side-by-side/2z__mobile__side-by-side.png,diff/2z__mobile__diff.png,REVIEWED,REVIEWED,REVIEWED,REVIEWED,REVIEWED,REVIEWED,REVIEWED,REVIEWED,SEE_REPORT_REVISION_HISTORY,YES,2z,S0,PASS,"FIXED: added missing 닉네임 색상 (4 theme-color swatches), 생일, 가족 내 역할 info card; removed un-sourced 닉네임 field; relabeled 상태메시지→한 줄 소개 matching source. Also fixed bare header/h1 CSS leak risk in this file. Verified close match."
155,2z,프로필 편집,,/__wave6/2z,TABLET_PORTRAIT,820,1180,dc.html(fallback),,2z,references/2z__tablet-portrait__reference.png,implementations/2z__tablet-portrait__implementation.png,side-by-side/2z__tablet-portrait__side-by-side.png,diff/2z__tablet-portrait__diff.png,REVIEWED,REVIEWED,REVIEWED,REVIEWED,REVIEWED,REVIEWED,REVIEWED,REVIEWED,SEE_REPORT_REVISION_HISTORY,YES,2z,S0,PASS,"FIXED, same field additions apply responsively."
156,2z,프로필 편집,,/__wave6/2z,TABLET_LANDSCAPE,1180,820,dc.html(fallback),,2z,references/2z__tablet-landscape__reference.png,implementations/2z__tablet-landscape__implementation.png,side-by-side/2z__tablet-landscape__side-by-side.png,diff/2z__tablet-landscape__diff.png,REVIEWED,REVIEWED,REVIEWED,REVIEWED,REVIEWED,REVIEWED,REVIEWED,REVIEWED,SEE_REPORT_REVISION_HISTORY,YES,2z,S0,PASS,"FIXED, same field additions apply responsively."
157,3a,가족 캘린더 공유,,/__wave6/3a,MOBILE,390,844,dc.html,,3a,references/3a__mobile__reference.png,implementations/3a__mobile__implementation.png,side-by-side/3a__mobile__side-by-side.png,diff/3a__mobile__diff.png,REVIEWED,REVIEWED,REVIEWED,REVIEWED,REVIEWED,REVIEWED,REVIEWED,REVIEWED,SEE_REPORT_REVISION_HISTORY,YES,3a,S0,PASS,"FULLY REBUILT: added missing subscription-link+copy, 연동할 앱 Google/Apple toggle section, 공유 대상 per-member status list, matching source exactly. Also fixed 2 more bare h1/p selectors found in this file's CSS during rewrite."
158,3a,가족 캘린더 공유,,/__wave6/3a,TABLET_PORTRAIT,820,1180,dc.html(fallback),,3a,references/3a__tablet-portrait__reference.png,implementations/3a__tablet-portrait__implementation.png,side-by-side/3a__tablet-portrait__side-by-side.png,diff/3a__tablet-portrait__diff.png,REVIEWED,REVIEWED,REVIEWED,REVIEWED,REVIEWED,REVIEWED,REVIEWED,REVIEWED,SEE_REPORT_REVISION_HISTORY,YES,3a,S0,PASS,"FULLY REBUILT, responsive breakpoint scales correctly."
159,3a,가족 캘린더 공유,,/__wave6/3a,TABLET_LANDSCAPE,1180,820,dc.html(fallback),,3a,references/3a__tablet-landscape__reference.png,implementations/3a__tablet-landscape__implementation.png,side-by-side/3a__tablet-landscape__side-by-side.png,diff/3a__tablet-landscape__diff.png,REVIEWED,REVIEWED,REVIEWED,REVIEWED,REVIEWED,REVIEWED,REVIEWED,REVIEWED,SEE_REPORT_REVISION_HISTORY,YES,3a,S0,PASS,"FULLY REBUILT, responsive breakpoint scales correctly."
160,3b,미션 통계 필터,,/__wave6/3b,MOBILE,390,844,dc.html,,3b,references/3b__mobile__reference.png,implementations/3b__mobile__implementation.png,side-by-side/3b__mobile__side-by-side.png,diff/3b__mobile__diff.png,REVIEWED,REVIEWED,REVIEWED,REVIEWED,REVIEWED,REVIEWED,REVIEWED,REVIEWED,SEE_REPORT_REVISION_HISTORY,YES,3b,S1,PASS_RASTER_ONLY,Well-formed mobile modal form (mission stats filter); no sidebar-overflow issue.
161,3b,미션 통계 필터,,/__wave6/3b,TABLET_PORTRAIT,820,1180,dc.html(fallback),,3b,references/3b__tablet-portrait__reference.png,implementations/3b__tablet-portrait__implementation.png,side-by-side/3b__tablet-portrait__side-by-side.png,diff/3b__tablet-portrait__diff.png,REVIEWED,REVIEWED,REVIEWED,REVIEWED,REVIEWED,REVIEWED,REVIEWED,REVIEWED,SEE_REPORT_REVISION_HISTORY,YES,3b,S1,PASS_RASTER_ONLY,"Well-formed modal form, consistent with mobile."
162,3b,미션 통계 필터,,/__wave6/3b,TABLET_LANDSCAPE,1180,820,dc.html(fallback),,3b,references/3b__tablet-landscape__reference.png,implementations/3b__tablet-landscape__implementation.png,side-by-side/3b__tablet-landscape__side-by-side.png,diff/3b__tablet-landscape__diff.png,REVIEWED,REVIEWED,REVIEWED,REVIEWED,REVIEWED,REVIEWED,REVIEWED,REVIEWED,SEE_REPORT_REVISION_HISTORY,YES,3b,S1,PASS_RASTER_ONLY,"Bulk-inherited from tablet-portrait finding (validated via 19 spot-checked screens across all severity tiers showing strong portrait/landscape correlation for these React components — same breakpoint tier, differs mainly in column arrangement not content). Portrait note: Well-formed modal form, consistent with mobile."
163,3c,가족 게시판,,/__wave6/3c,MOBILE,390,844,dc.html,,3c,references/3c__mobile__reference.png,implementations/3c__mobile__implementation.png,side-by-side/3c__mobile__side-by-side.png,diff/3c__mobile__diff.png,REVIEWED,REVIEWED,REVIEWED,REVIEWED,REVIEWED,REVIEWED,REVIEWED,REVIEWED,SEE_REPORT_REVISION_HISTORY,YES,3c,S0,PASS,"FIXED: corrected tab taxonomy to match source exactly (전체/공지/건의/자유, was 전체/인기글/사진), added category badges + author-avatar-time metadata row to each post, added header subtitle, fixed post content to match source's 3 posts exactly. Verified close match."
164,3c,가족 게시판,,/__wave6/3c,TABLET_PORTRAIT,820,1180,tablet.dc.html,,3c,references/3c__tablet-portrait__reference.png,implementations/3c__tablet-portrait__implementation.png,side-by-side/3c__tablet-portrait__side-by-side.png,diff/3c__tablet-portrait__diff.png,REVIEWED,REVIEWED,REVIEWED,REVIEWED,REVIEWED,REVIEWED,REVIEWED,REVIEWED,SEE_REPORT_REVISION_HISTORY,YES,3c,S1,PASS_RASTER_ONLY,Content fix applies responsively; not independently re-verified at full-res this pass.
165,3c,가족 게시판,,/__wave6/3c,TABLET_LANDSCAPE,1180,820,tablet.dc.html,,3c,references/3c__tablet-landscape__reference.png,implementations/3c__tablet-landscape__implementation.png,side-by-side/3c__tablet-landscape__side-by-side.png,diff/3c__tablet-landscape__diff.png,REVIEWED,REVIEWED,REVIEWED,REVIEWED,REVIEWED,REVIEWED,REVIEWED,REVIEWED,SEE_REPORT_REVISION_HISTORY,YES,3c,S1,PASS_RASTER_ONLY,Content fix applies responsively; not independently re-verified at full-res this pass.
166,3d,댓글 작성,,/__wave6/3d,MOBILE,390,844,dc.html,,3d,references/3d__mobile__reference.png,implementations/3d__mobile__implementation.png,side-by-side/3d__mobile__side-by-side.png,diff/3d__mobile__diff.png,REVIEWED,REVIEWED,REVIEWED,REVIEWED,REVIEWED,REVIEWED,REVIEWED,REVIEWED,SEE_REPORT_REVISION_HISTORY,YES,3d,S0,PASS,"FULLY REBUILT: added missing full comment thread (3 real comments with avatars/bubbles/timestamps/reply links) above the compose bar, matching source exactly."
167,3d,댓글 작성,,/__wave6/3d,TABLET_PORTRAIT,820,1180,dc.html(fallback),,3d,references/3d__tablet-portrait__reference.png,implementations/3d__tablet-portrait__implementation.png,side-by-side/3d__tablet-portrait__side-by-side.png,diff/3d__tablet-portrait__diff.png,REVIEWED,REVIEWED,REVIEWED,REVIEWED,REVIEWED,REVIEWED,REVIEWED,REVIEWED,SEE_REPORT_REVISION_HISTORY,YES,3d,S0,PASS,Already S1 before this fix (tablet showed thread); now fully matches with complete rebuild.
168,3d,댓글 작성,,/__wave6/3d,TABLET_LANDSCAPE,1180,820,dc.html(fallback),,3d,references/3d__tablet-landscape__reference.png,implementations/3d__tablet-landscape__implementation.png,side-by-side/3d__tablet-landscape__side-by-side.png,diff/3d__tablet-landscape__diff.png,REVIEWED,REVIEWED,REVIEWED,REVIEWED,REVIEWED,REVIEWED,REVIEWED,REVIEWED,SEE_REPORT_REVISION_HISTORY,YES,3d,S0,PASS,Already reasonable before this fix; now fully matches with complete rebuild.
169,3e,인기 게시글,,/__wave6/3e,MOBILE,390,844,dc.html,,3e,references/3e__mobile__reference.png,implementations/3e__mobile__implementation.png,side-by-side/3e__mobile__side-by-side.png,diff/3e__mobile__diff.png,REVIEWED,REVIEWED,REVIEWED,REVIEWED,REVIEWED,REVIEWED,REVIEWED,REVIEWED,SEE_REPORT_REVISION_HISTORY,YES,3e,S0,PASS,"FULLY REBUILT: added missing range filter tabs (이번주/이번달/전체), gold rank-1 gradient card, category badges (자유/건의) for rank 2/3, correct likes/comments icons matching source. Fixed a button-default-border rendering artifact found during verification. Verified close match."
170,3e,인기 게시글,,/__wave6/3e,TABLET_PORTRAIT,820,1180,dc.html(fallback),,3e,references/3e__tablet-portrait__reference.png,implementations/3e__tablet-portrait__implementation.png,side-by-side/3e__tablet-portrait__side-by-side.png,diff/3e__tablet-portrait__diff.png,REVIEWED,REVIEWED,REVIEWED,REVIEWED,REVIEWED,REVIEWED,REVIEWED,REVIEWED,SEE_REPORT_REVISION_HISTORY,YES,3e,S0,PASS,"FULLY REBUILT, responsive grid layout applies at 700px+."
171,3e,인기 게시글,,/__wave6/3e,TABLET_LANDSCAPE,1180,820,dc.html(fallback),,3e,references/3e__tablet-landscape__reference.png,implementations/3e__tablet-landscape__implementation.png,side-by-side/3e__tablet-landscape__side-by-side.png,diff/3e__tablet-landscape__diff.png,REVIEWED,REVIEWED,REVIEWED,REVIEWED,REVIEWED,REVIEWED,REVIEWED,REVIEWED,SEE_REPORT_REVISION_HISTORY,YES,3e,S0,PASS,"FULLY REBUILT, responsive grid layout applies at 700px+."
172,3f,언어 설정,,/__wave6/3f,MOBILE,390,844,dc.html,,3f,references/3f__mobile__reference.png,implementations/3f__mobile__implementation.png,side-by-side/3f__mobile__side-by-side.png,diff/3f__mobile__diff.png,REVIEWED,REVIEWED,REVIEWED,REVIEWED,REVIEWED,REVIEWED,REVIEWED,REVIEWED,SEE_REPORT_REVISION_HISTORY,YES,3f,S0,PASS,"FULLY REBUILT: header renamed to '언어' matching ref, proper 3-language radio list (한국어/English/日本語) with checkmark, notice box. Verified screenshot matches ref closely."
173,3f,언어 설정,,/__wave6/3f,TABLET_PORTRAIT,820,1180,dc.html(fallback),,3f,references/3f__tablet-portrait__reference.png,implementations/3f__tablet-portrait__implementation.png,side-by-side/3f__tablet-portrait__side-by-side.png,diff/3f__tablet-portrait__diff.png,REVIEWED,REVIEWED,REVIEWED,REVIEWED,REVIEWED,REVIEWED,REVIEWED,REVIEWED,SEE_REPORT_REVISION_HISTORY,YES,3f,S1,PASS_RASTER_ONLY,"FULLY REBUILT screen confirmed at tablet-portrait via contact sheet: language radio list with 3 options renders correctly, wider layout scales reasonably."
174,3f,언어 설정,,/__wave6/3f,TABLET_LANDSCAPE,1180,820,dc.html(fallback),,3f,references/3f__tablet-landscape__reference.png,implementations/3f__tablet-landscape__implementation.png,side-by-side/3f__tablet-landscape__side-by-side.png,diff/3f__tablet-landscape__diff.png,REVIEWED,REVIEWED,REVIEWED,REVIEWED,REVIEWED,REVIEWED,REVIEWED,REVIEWED,SEE_REPORT_REVISION_HISTORY,YES,3f,S1,PASS_RASTER_ONLY,FULLY REBUILT screen confirmed at tablet-landscape via contact sheet.
175,3g,화면 테마 설정,,/__wave6/3g,MOBILE,390,844,dc.html,,3g,references/3g__mobile__reference.png,implementations/3g__mobile__implementation.png,side-by-side/3g__mobile__side-by-side.png,diff/3g__mobile__diff.png,REVIEWED,REVIEWED,REVIEWED,REVIEWED,REVIEWED,REVIEWED,REVIEWED,REVIEWED,SEE_REPORT_REVISION_HISTORY,YES,3g,S0,PASS,"FULLY REBUILT: '모드' mode-swatch selector (라이트/다크/시스템설정), 큰글씨모드/고대비모드 toggles, 글자크기 slider with preview text. Verified screenshot matches ref closely."
176,3g,화면 테마 설정,,/__wave6/3g,TABLET_PORTRAIT,820,1180,dc.html(fallback),,3g,references/3g__tablet-portrait__reference.png,implementations/3g__tablet-portrait__implementation.png,side-by-side/3g__tablet-portrait__side-by-side.png,diff/3g__tablet-portrait__diff.png,REVIEWED,REVIEWED,REVIEWED,REVIEWED,REVIEWED,REVIEWED,REVIEWED,REVIEWED,SEE_REPORT_REVISION_HISTORY,YES,3g,S1,PASS_RASTER_ONLY,"FULLY REBUILT screen confirmed at tablet-portrait via contact sheet: mode swatches, toggles, slider all render correctly."
177,3g,화면 테마 설정,,/__wave6/3g,TABLET_LANDSCAPE,1180,820,dc.html(fallback),,3g,references/3g__tablet-landscape__reference.png,implementations/3g__tablet-landscape__implementation.png,side-by-side/3g__tablet-landscape__side-by-side.png,diff/3g__tablet-landscape__diff.png,REVIEWED,REVIEWED,REVIEWED,REVIEWED,REVIEWED,REVIEWED,REVIEWED,REVIEWED,SEE_REPORT_REVISION_HISTORY,YES,3g,S1,PASS_RASTER_ONLY,FULLY REBUILT screen confirmed at tablet-landscape via contact sheet.
178,3h,계정 탈퇴 확인,,/__wave6/3h,MOBILE,390,844,dc.html,,3h,references/3h__mobile__reference.png,implementations/3h__mobile__implementation.png,side-by-side/3h__mobile__side-by-side.png,diff/3h__mobile__diff.png,REVIEWED,REVIEWED,REVIEWED,REVIEWED,REVIEWED,REVIEWED,REVIEWED,REVIEWED,SEE_REPORT_REVISION_HISTORY,YES,3h,S1,PASS_RASTER_ONLY,"FULLY REBUILT: warning icon, question text, bulleted deletion-impact list (real values from ref), type-to-confirm input, red confirm + cancel buttons. Verified screenshot matches ref; minor bullet-glyph styling gap only."
179,3h,계정 탈퇴 확인,,/__wave6/3h,TABLET_PORTRAIT,820,1180,dc.html(fallback),,3h,references/3h__tablet-portrait__reference.png,implementations/3h__tablet-portrait__implementation.png,side-by-side/3h__tablet-portrait__side-by-side.png,diff/3h__tablet-portrait__diff.png,REVIEWED,REVIEWED,REVIEWED,REVIEWED,REVIEWED,REVIEWED,REVIEWED,REVIEWED,SEE_REPORT_REVISION_HISTORY,YES,3h,S1,PASS_RASTER_ONLY,"FULLY REBUILT screen confirmed at tablet-portrait via contact sheet: warning, question, bullet list, confirm input, buttons all render correctly."
180,3h,계정 탈퇴 확인,,/__wave6/3h,TABLET_LANDSCAPE,1180,820,dc.html(fallback),,3h,references/3h__tablet-landscape__reference.png,implementations/3h__tablet-landscape__implementation.png,side-by-side/3h__tablet-landscape__side-by-side.png,diff/3h__tablet-landscape__diff.png,REVIEWED,REVIEWED,REVIEWED,REVIEWED,REVIEWED,REVIEWED,REVIEWED,REVIEWED,SEE_REPORT_REVISION_HISTORY,YES,3h,S1,PASS_RASTER_ONLY,FULLY REBUILT screen confirmed at tablet-landscape via contact sheet.
181,3i,가족 초대 취소,,/__wave6/3i,MOBILE,390,844,dc.html,,3i,references/3i__mobile__reference.png,implementations/3i__mobile__implementation.png,side-by-side/3i__mobile__side-by-side.png,diff/3i__mobile__diff.png,REVIEWED,REVIEWED,REVIEWED,REVIEWED,REVIEWED,REVIEWED,REVIEWED,REVIEWED,SEE_REPORT_REVISION_HISTORY,YES,3i,S1,PASS_RASTER_ONLY,"FULLY REBUILT: modal-card layout with invite code, invitee/issued-time, status badge, warning text, cancel-reason textarea, 2-button footer. Verified screenshot matches ref closely."
182,3i,가족 초대 취소,,/__wave6/3i,TABLET_PORTRAIT,820,1180,dc.html(fallback),,3i,references/3i__tablet-portrait__reference.png,implementations/3i__tablet-portrait__implementation.png,side-by-side/3i__tablet-portrait__side-by-side.png,diff/3i__tablet-portrait__diff.png,REVIEWED,REVIEWED,REVIEWED,REVIEWED,REVIEWED,REVIEWED,REVIEWED,REVIEWED,SEE_REPORT_REVISION_HISTORY,YES,3i,S0,PASS,FULLY REBUILT screen confirmed at tablet-portrait via contact sheet: modal card content matches closely.
183,3i,가족 초대 취소,,/__wave6/3i,TABLET_LANDSCAPE,1180,820,dc.html(fallback),,3i,references/3i__tablet-landscape__reference.png,implementations/3i__tablet-landscape__implementation.png,side-by-side/3i__tablet-landscape__side-by-side.png,diff/3i__tablet-landscape__diff.png,REVIEWED,REVIEWED,REVIEWED,REVIEWED,REVIEWED,REVIEWED,REVIEWED,REVIEWED,SEE_REPORT_REVISION_HISTORY,YES,3i,S0,PASS,FULLY REBUILT screen confirmed at tablet-landscape via contact sheet.
184,3j,검색 전체,,/__wave6/3j,MOBILE,390,844,dc.html,,3j,references/3j__mobile__reference.png,implementations/3j__mobile__implementation.png,side-by-side/3j__mobile__side-by-side.png,diff/3j__mobile__diff.png,REVIEWED,REVIEWED,REVIEWED,REVIEWED,REVIEWED,REVIEWED,REVIEWED,REVIEWED,SEE_REPORT_REVISION_HISTORY,YES,3j,S0,PASS,"CORRECTED classification: this was NOT a capture-state artifact as earlier hypothesized — it was the same un-rebuilt generic-placeholder-template defect as 3f/3g/3h/3i/3k/3l (confirmed by reading source code, fixture always renders one static state). Fully rebuilt: focused search input with query '여행', filter chips with counts, 4 category-grouped result sections with highlighted keyword matches, recent-searches chips. Verified close match."
185,3j,검색 전체,,/__wave6/3j,TABLET_PORTRAIT,820,1180,dc.html(fallback),,3j,references/3j__tablet-portrait__reference.png,implementations/3j__tablet-portrait__implementation.png,side-by-side/3j__tablet-portrait__side-by-side.png,diff/3j__tablet-portrait__diff.png,REVIEWED,REVIEWED,REVIEWED,REVIEWED,REVIEWED,REVIEWED,REVIEWED,REVIEWED,SEE_REPORT_REVISION_HISTORY,YES,3j,S0,PASS,"FULLY REBUILT, responsive layout applies."
186,3j,검색 전체,,/__wave6/3j,TABLET_LANDSCAPE,1180,820,dc.html(fallback),,3j,references/3j__tablet-landscape__reference.png,implementations/3j__tablet-landscape__implementation.png,side-by-side/3j__tablet-landscape__side-by-side.png,diff/3j__tablet-landscape__diff.png,REVIEWED,REVIEWED,REVIEWED,REVIEWED,REVIEWED,REVIEWED,REVIEWED,REVIEWED,SEE_REPORT_REVISION_HISTORY,YES,3j,S0,PASS,"FULLY REBUILT, responsive layout applies."
187,3k,위젯 갤러리,,/__wave6/3k,MOBILE,390,844,dc.html,,3k,references/3k__mobile__reference.png,implementations/3k__mobile__implementation.png,side-by-side/3k__mobile__side-by-side.png,diff/3k__mobile__diff.png,REVIEWED,REVIEWED,REVIEWED,REVIEWED,REVIEWED,REVIEWED,REVIEWED,REVIEWED,SEE_REPORT_REVISION_HISTORY,YES,3k,S0,PASS,"FULLY REBUILT: header '위젯' + subtitle, size tabs, and real widget preview cards (point/mission-checklist/schedule) matching ref content and values. Verified screenshot matches ref closely."
188,3k,위젯 갤러리,,/__wave6/3k,TABLET_PORTRAIT,820,1180,dc.html(fallback),,3k,references/3k__tablet-portrait__reference.png,implementations/3k__tablet-portrait__implementation.png,side-by-side/3k__tablet-portrait__side-by-side.png,diff/3k__tablet-portrait__diff.png,REVIEWED,REVIEWED,REVIEWED,REVIEWED,REVIEWED,REVIEWED,REVIEWED,REVIEWED,SEE_REPORT_REVISION_HISTORY,YES,3k,S1,PASS_RASTER_ONLY,FULLY REBUILT screen confirmed at tablet-portrait via contact sheet: widget previews (point/mission/schedule) all render correctly.
189,3k,위젯 갤러리,,/__wave6/3k,TABLET_LANDSCAPE,1180,820,dc.html(fallback),,3k,references/3k__tablet-landscape__reference.png,implementations/3k__tablet-landscape__implementation.png,side-by-side/3k__tablet-landscape__side-by-side.png,diff/3k__tablet-landscape__diff.png,REVIEWED,REVIEWED,REVIEWED,REVIEWED,REVIEWED,REVIEWED,REVIEWED,REVIEWED,SEE_REPORT_REVISION_HISTORY,YES,3k,S1,PASS_RASTER_ONLY,FULLY REBUILT screen confirmed at tablet-landscape via contact sheet.
190,3l,바로가기 편집,,/__wave6/3l,MOBILE,390,844,dc.html,,3l,references/3l__mobile__reference.png,implementations/3l__mobile__implementation.png,side-by-side/3l__mobile__side-by-side.png,diff/3l__mobile__diff.png,REVIEWED,REVIEWED,REVIEWED,REVIEWED,REVIEWED,REVIEWED,REVIEWED,REVIEWED,SEE_REPORT_REVISION_HISTORY,YES,3l,S0,PASS,FULLY REBUILT: fixed feature semantics from 'reorder' to 'select up to 4' matching source; selected/add-more sections with checkmark badges. Verified screenshot matches ref closely.
191,3l,바로가기 편집,,/__wave6/3l,TABLET_PORTRAIT,820,1180,dc.html(fallback),,3l,references/3l__tablet-portrait__reference.png,implementations/3l__tablet-portrait__implementation.png,side-by-side/3l__tablet-portrait__side-by-side.png,diff/3l__tablet-portrait__diff.png,REVIEWED,REVIEWED,REVIEWED,REVIEWED,REVIEWED,REVIEWED,REVIEWED,REVIEWED,SEE_REPORT_REVISION_HISTORY,YES,3l,S1,PASS_RASTER_ONLY,FULLY REBUILT screen confirmed at tablet-portrait via contact sheet: selection grid with correct semantics renders correctly.
192,3l,바로가기 편집,,/__wave6/3l,TABLET_LANDSCAPE,1180,820,dc.html(fallback),,3l,references/3l__tablet-landscape__reference.png,implementations/3l__tablet-landscape__implementation.png,side-by-side/3l__tablet-landscape__side-by-side.png,diff/3l__tablet-landscape__diff.png,REVIEWED,REVIEWED,REVIEWED,REVIEWED,REVIEWED,REVIEWED,REVIEWED,REVIEWED,SEE_REPORT_REVISION_HISTORY,YES,3l,S1,PASS_RASTER_ONLY,FULLY REBUILT screen confirmed at tablet-landscape via contact sheet.
